,Date,Building
0,2017-08-20 00:00:00,CUP
1,2017-08-23 00:00:00,Barber Theater
2,2017-08-23 00:00:00,KGH
3,2017-08-23 00:00:00,KGH
4,2017-08-23 00:00:00,KGH
5,2017-08-23 00:00:00,KGH
6,2017-08-23 00:00:00,KGH
7,2017-08-24 00:00:00,KGH
8,2017-08-25 00:00:00,Francis Searle
9,2017-08-25 00:00:00,Francis Searle
10,2017-08-25 00:00:00,KGH
11,2017-08-25 00:00:00,KGH
12,2017-08-25 00:00:00,KGH
13,2017-08-25 00:00:00,KGH
14,2017-08-25 00:00:00,KGH
15,2017-08-25 00:00:00,KGH
16,2017-08-25 00:00:00,KGH
17,2017-08-25 00:00:00,KGH
18,2017-08-25 00:00:00,KGH
19,2017-08-25 00:00:00,Norris
20,2017-08-27 00:00:00,Allen Center
21,2017-08-27 00:00:00,Allen Center
22,2017-08-30 00:00:00,KGH
23,2017-08-30 00:00:00,KGH
24,2017-08-31 00:00:00,Allen Center
25,2017-09-02 00:00:00,Block Museum
26,2017-09-02 00:00:00,Pick Stager
27,2017-09-03 00:00:00,Allen Center
28,2017-09-03 00:00:00,Allen Center
29,2017-09-03 00:00:00,Allen Center
30,2017-09-04 00:00:00,KGH
31,2017-09-04 00:00:00,KGH
32,2017-09-04 00:00:00,KGH
33,2017-09-05 00:00:00,KGH
34,2017-09-05 00:00:00,KGH
35,2017-09-05 00:00:00,KGH
36,2017-09-05 00:00:00,KGH
37,2017-09-05 00:00:00,KGH
38,2017-09-05 00:00:00,KGH
39,2017-09-05 00:00:00,Ryan Arts Center
40,2017-09-06 00:00:00,Allen Center
41,2017-09-07 00:00:00,Allen Center
42,2017-09-07 00:00:00,KGH
43,2017-09-07 00:00:00,KGH
44,2017-09-07 00:00:00,Norris
45,2017-09-07 00:00:00,Segal Visitor Center
46,2017-09-08 00:00:00,Allen Center
47,2017-09-08 00:00:00,Francis Searle
48,2017-09-08 00:00:00,Francis Searle
49,2017-09-08 00:00:00,KGH
50,2017-09-08 00:00:00,KGH
51,2017-09-08 00:00:00,KGH
52,2017-09-09 00:00:00,KGH
53,2017-09-09 00:00:00,Segal Visitor Center
54,2017-09-10 00:00:00,Barber Theater
55,2017-09-11 00:00:00,KGH
56,2017-09-12 00:00:00,Allen Center
57,2017-09-13 00:00:00,KGH
58,2017-09-13 00:00:00,Ryan Arts Center
59,2017-09-14 00:00:00,CUP
60,2017-09-14 00:00:00,Francis Searle
61,2017-09-14 00:00:00,Ryan Arts Center
62,2017-09-17 00:00:00,Allen Center
63,2017-09-18 00:00:00,Cook Hall
64,2017-09-19 00:00:00,CUP
65,2017-09-19 00:00:00,KGH
66,2017-09-19 00:00:00,KGH
67,2017-09-20 00:00:00,KGH
68,2017-09-21 00:00:00,KGH
69,2017-09-22 00:00:00,Pick Stager
70,2017-09-23 00:00:00,KGH
71,2017-09-26 00:00:00,KGH
72,2017-09-26 00:00:00,KGH
73,2017-09-26 00:00:00,KGH
74,2017-09-26 00:00:00,KGH
75,2017-09-26 00:00:00,KGH
76,2017-09-26 00:00:00,KGH
77,2017-09-26 00:00:00,Norris
78,2017-09-27 00:00:00,Allen Center
79,2017-09-27 00:00:00,KGH
80,2017-09-27 00:00:00,KGH
81,2017-09-27 00:00:00,KGH
82,2017-09-27 00:00:00,KGH
83,2017-09-27 00:00:00,KGH
84,2017-09-27 00:00:00,KGH
85,2017-09-27 00:00:00,KGH
86,2017-09-27 00:00:00,KGH
87,2017-09-27 00:00:00,KGH
88,2017-09-27 00:00:00,KGH
89,2017-09-27 00:00:00,KGH
90,2017-09-27 00:00:00,KGH
91,2017-09-27 00:00:00,KGH
92,2017-09-27 00:00:00,KGH
93,2017-09-27 00:00:00,KGH
94,2017-09-27 00:00:00,KGH
95,2017-09-27 00:00:00,KGH
96,2017-09-27 00:00:00,KGH
97,2017-09-27 00:00:00,KGH
98,2017-09-27 00:00:00,KGH
99,2017-09-27 00:00:00,KGH
100,2017-09-27 00:00:00,KGH
101,2017-09-27 00:00:00,Norris
102,2017-09-28 00:00:00,Allen Center
103,2017-09-28 00:00:00,Allen Center
104,2017-09-28 00:00:00,Francis Searle
105,2017-09-28 00:00:00,Francis Searle
106,2017-09-28 00:00:00,KGH
107,2017-09-28 00:00:00,KGH
108,2017-09-28 00:00:00,KGH
109,2017-09-28 00:00:00,KGH
110,2017-09-28 00:00:00,KGH
111,2017-09-28 00:00:00,KGH
112,2017-09-29 00:00:00,Allen Center
113,2017-09-29 00:00:00,Allen Center
114,2017-09-29 00:00:00,Barber Theater
115,2017-09-29 00:00:00,Francis Searle
116,2017-09-29 00:00:00,Francis Searle
117,2017-09-29 00:00:00,Francis Searle
118,2017-09-29 00:00:00,Francis Searle
119,2017-09-29 00:00:00,KGH
120,2017-09-29 00:00:00,KGH
121,2017-09-29 00:00:00,KGH
122,2017-09-29 00:00:00,KGH
123,2017-09-29 00:00:00,KGH
124,2017-09-29 00:00:00,KGH
125,2017-09-29 00:00:00,KGH
126,2017-09-29 00:00:00,Mudd Library
127,2017-09-29 00:00:00,Mudd Library
128,2017-09-29 00:00:00,Mudd Library
129,2017-09-29 00:00:00,Mudd Library
130,2017-09-30 00:00:00,KGH
131,2017-10-01 00:00:00,Block Museum
132,2017-10-02 00:00:00,Francis Searle
133,2017-10-04 00:00:00,KGH
134,2017-10-05 00:00:00,KGH
135,2017-10-05 00:00:00,KGH
136,2017-10-05 00:00:00,KGH
137,2017-10-05 00:00:00,KGH
138,2017-10-05 00:00:00,KGH
139,2017-10-05 00:00:00,KGH
140,2017-10-05 00:00:00,KGH
141,2017-10-05 00:00:00,Mudd Library
142,2017-10-05 00:00:00,Norris
143,2017-10-05 00:00:00,Norris
144,2017-10-05 00:00:00,Ryan Arts Center
145,2017-10-06 00:00:00,KGH
146,2017-10-06 00:00:00,KGH
147,2017-10-07 00:00:00,Allen Center
148,2017-10-08 00:00:00,Allen Center
149,2017-10-08 00:00:00,KGH
150,2017-10-08 00:00:00,Mudd Library
151,2017-10-08 00:00:00,Mudd Library
152,2017-10-09 00:00:00,Allen Center
153,2017-10-09 00:00:00,Barber Theater
154,2017-10-09 00:00:00,KGH
155,2017-10-09 00:00:00,Ryan Arts Center
156,2017-10-10 00:00:00,Barber Theater
157,2017-10-10 00:00:00,KGH
158,2017-10-11 00:00:00,KGH
159,2017-10-12 00:00:00,KGH
160,2017-10-12 00:00:00,Mudd Library
161,2017-10-12 00:00:00,Segal Visitor Center
162,2017-10-13 00:00:00,Allen Center
163,2017-10-13 00:00:00,KGH
164,2017-10-13 00:00:00,KGH
165,2017-10-13 00:00:00,Ryan Arts Center
166,2017-10-14 00:00:00,KGH
167,2017-10-16 00:00:00,KGH
168,2017-10-16 00:00:00,KGH
169,2017-10-16 00:00:00,KGH
170,2017-10-16 00:00:00,KGH
171,2017-10-17 00:00:00,KGH
172,2017-10-17 00:00:00,KGH
173,2017-10-17 00:00:00,KGH
174,2017-10-17 00:00:00,KGH
175,2017-10-17 00:00:00,Mudd Library
176,2017-10-17 00:00:00,Norris
177,2017-10-17 00:00:00,Ryan Arts Center
178,2017-10-17 00:00:00,Segal Visitor Center
179,2017-10-18 00:00:00,Pick Stager
180,2017-10-19 00:00:00,Allen Center
181,2017-10-19 00:00:00,Block Museum
182,2017-10-19 00:00:00,CUP
183,2017-10-19 00:00:00,KGH
184,2017-10-19 00:00:00,KGH
185,2017-10-19 00:00:00,KGH
186,2017-10-19 00:00:00,KGH
187,2017-10-19 00:00:00,KGH
188,2017-10-19 00:00:00,KGH
189,2017-10-19 00:00:00,KGH
190,2017-10-19 00:00:00,KGH
191,2017-10-19 00:00:00,KGH
192,2017-10-20 00:00:00,Allen Center
193,2017-10-20 00:00:00,CUP
194,2017-10-20 00:00:00,Francis Searle
195,2017-10-20 00:00:00,KGH
196,2017-10-20 00:00:00,KGH
197,2017-10-20 00:00:00,KGH
198,2017-10-20 00:00:00,KGH
199,2017-10-20 00:00:00,KGH
200,2017-10-20 00:00:00,KGH
201,2017-10-20 00:00:00,KGH
202,2017-10-20 00:00:00,Mudd Library
203,2017-10-20 00:00:00,Mudd Library
204,2017-10-20 00:00:00,Mudd Library
205,2017-10-20 00:00:00,Mudd Library
206,2017-10-20 00:00:00,Norris
207,2017-10-20 00:00:00,Ryan Arts Center
208,2017-10-20 00:00:00,Ryan Arts Center
209,2017-10-24 00:00:00,CUP
210,2017-10-24 00:00:00,KGH
211,2017-10-24 00:00:00,KGH
212,2017-10-24 00:00:00,KGH
213,2017-10-24 00:00:00,KGH
214,2017-10-24 00:00:00,KGH
215,2017-10-24 00:00:00,KGH
216,2017-10-25 00:00:00,Allen Center
217,2017-10-25 00:00:00,Francis Searle
218,2017-10-25 00:00:00,KGH
219,2017-10-25 00:00:00,KGH
220,2017-10-25 00:00:00,KGH
221,2017-10-25 00:00:00,KGH
222,2017-10-25 00:00:00,KGH
223,2017-10-25 00:00:00,KGH
224,2017-10-25 00:00:00,KGH
225,2017-10-25 00:00:00,KGH
226,2017-10-25 00:00:00,KGH
227,2017-10-25 00:00:00,KGH
228,2017-10-25 00:00:00,KGH
229,2017-10-25 00:00:00,KGH
230,2017-10-25 00:00:00,KGH
231,2017-10-25 00:00:00,KGH
232,2017-10-25 00:00:00,KGH
233,2017-10-25 00:00:00,KGH
234,2017-10-25 00:00:00,KGH
235,2017-10-25 00:00:00,KGH
236,2017-10-25 00:00:00,KGH
237,2017-10-25 00:00:00,KGH
238,2017-10-25 00:00:00,KGH
239,2017-10-25 00:00:00,KGH
240,2017-10-25 00:00:00,KGH
241,2017-10-25 00:00:00,KGH
242,2017-10-25 00:00:00,Mudd Library
243,2017-10-25 00:00:00,Mudd Library
244,2017-10-25 00:00:00,Mudd Library
245,2017-10-25 00:00:00,Mudd Library
246,2017-10-25 00:00:00,Mudd Library
247,2017-10-26 00:00:00,KGH
248,2017-10-26 00:00:00,KGH
249,2017-10-26 00:00:00,KGH
250,2017-10-27 00:00:00,Francis Searle
251,2017-10-27 00:00:00,KGH
252,2017-10-29 00:00:00,Allen Center
253,2017-10-29 00:00:00,Francis Searle
254,2017-10-29 00:00:00,Francis Searle
255,2017-10-29 00:00:00,KGH
256,2017-10-29 00:00:00,KGH
257,2017-10-29 00:00:00,KGH
258,2017-10-29 00:00:00,KGH
259,2017-10-29 00:00:00,KGH
260,2017-10-29 00:00:00,KGH
261,2017-10-29 00:00:00,Mudd Library
262,2017-10-30 00:00:00,KGH
263,2017-10-31 00:00:00,KGH
264,2017-10-31 00:00:00,KGH
265,2017-11-01 00:00:00,Block Museum
266,2017-11-01 00:00:00,Norris
267,2017-11-03 00:00:00,Pick Stager
268,2017-11-05 00:00:00,KGH
269,2017-11-05 00:00:00,KGH
270,2017-11-08 00:00:00,Norris
271,2017-11-10 00:00:00,KGH
272,2017-11-12 00:00:00,KGH
273,2017-11-13 00:00:00,Mudd Library
274,2017-11-16 00:00:00,KGH
275,2017-11-16 00:00:00,KGH
276,2018-03-23 00:00:00,Sailing Center
277,2018-03-30 00:00:00,Allen Center
278,2018-03-30 00:00:00,KGH
279,2018-03-30 00:00:00,Sailing Center
280,2018-03-31 00:00:00,Allen Center
281,2018-03-31 00:00:00,KGH
282,2018-03-31 00:00:00,KGH
283,2018-03-31 00:00:00,RAC
284,2018-04-02 00:00:00,KGH
285,2018-04-02 00:00:00,KGH
286,2018-04-02 00:00:00,RAC
287,2018-04-04 00:00:00,Allen Center
288,2018-04-04 00:00:00,Block Museum
289,2018-04-05 00:00:00,KGH
290,2018-04-05 00:00:00,KGH
291,2018-04-05 00:00:00,KGH
292,2018-04-05 00:00:00,KGH
293,2018-04-06 00:00:00,Allen Center
294,2018-04-06 00:00:00,CUP
295,2018-04-10 00:00:00,Allen Center
296,2018-04-12 00:00:00,Allen Center
297,2018-04-12 00:00:00,Allen Center
298,2018-04-12 00:00:00,KGH
299,2018-04-12 00:00:00,KGH
300,2018-04-12 00:00:00,KGH
301,2018-04-12 00:00:00,KGH
302,2018-04-12 00:00:00,KGH
303,2018-04-12 00:00:00,KGH
304,2018-04-12 00:00:00,KGH
305,2018-04-12 00:00:00,KGH
306,2018-04-12 00:00:00,KGH
307,2018-04-12 00:00:00,KGH
308,2018-04-12 00:00:00,KGH
309,2018-04-12 00:00:00,Mudd Library
310,2018-04-13 00:00:00,KGH
311,2018-04-13 00:00:00,KGH
312,2018-04-13 00:00:00,Segal Visitor Center
313,2018-04-14 00:00:00,Francis Searle
314,2018-04-15 00:00:00,KGH
315,2018-04-16 00:00:00,KGH
316,2018-04-16 00:00:00,Norris
317,2018-04-16 00:00:00,Segal Visitor Center
318,2018-04-17 00:00:00,KGH
319,2018-04-17 00:00:00,KGH
320,2018-04-17 00:00:00,KGH
321,2018-04-18 00:00:00,Allen Center
322,2018-04-18 00:00:00,KGH
323,2018-04-18 00:00:00,KGH
324,2018-04-18 00:00:00,Mudd Library
325,2018-04-18 00:00:00,Pick Stager
326,2018-04-20 00:00:00,KGH
327,2018-04-22 00:00:00,KGH
328,2018-04-24 00:00:00,Francis Searle
329,2018-04-28 00:00:00,KGH
330,2018-04-29 00:00:00,Barber Theater
331,2018-04-29 00:00:00,KGH
332,2018-04-30 00:00:00,Allen Center
333,2018-04-30 00:00:00,KGH
334,2018-04-30 00:00:00,KGH
335,2018-04-30 00:00:00,KGH
336,2018-04-30 00:00:00,KGH
337,2018-04-30 00:00:00,KGH
338,2018-04-30 00:00:00,Mudd Library
339,2018-04-30 00:00:00,RAC
340,2018-05-01 00:00:00,Allen Center
341,2018-05-01 00:00:00,Allen Center
342,2018-05-01 00:00:00,Cook Hall
343,2018-05-01 00:00:00,Cook Hall
344,2018-05-01 00:00:00,Cook Hall
345,2018-05-01 00:00:00,Cook Hall
346,2018-05-01 00:00:00,Cook Hall
347,2018-05-01 00:00:00,KGH
348,2018-05-01 00:00:00,KGH
349,2018-05-01 00:00:00,KGH
350,2018-05-01 00:00:00,KGH
351,2018-05-01 00:00:00,KGH
352,2018-05-01 00:00:00,KGH
353,2018-05-01 00:00:00,KGH
354,2018-05-01 00:00:00,KGH
355,2018-05-01 00:00:00,KGH
356,2018-05-01 00:00:00,KGH
357,2018-05-01 00:00:00,KGH
358,2018-05-01 00:00:00,KGH
359,2018-05-01 00:00:00,KGH
360,2018-05-01 00:00:00,KGH
361,2018-05-01 00:00:00,KGH
362,2018-05-01 00:00:00,KGH
363,2018-05-01 00:00:00,KGH
364,2018-05-01 00:00:00,KGH
365,2018-05-01 00:00:00,KGH
366,2018-05-01 00:00:00,KGH
367,2018-05-01 00:00:00,KGH
368,2018-05-01 00:00:00,KGH
369,2018-05-01 00:00:00,KGH
370,2018-05-01 00:00:00,KGH
371,2018-05-01 00:00:00,KGH
372,2018-05-01 00:00:00,KGH
373,2018-05-01 00:00:00,KGH
374,2018-05-01 00:00:00,KGH
375,2018-05-01 00:00:00,KGH
376,2018-05-01 00:00:00,KGH
377,2018-05-01 00:00:00,Mudd Library
378,2018-05-01 00:00:00,Mudd Library
379,2018-05-01 00:00:00,Mudd Library
380,2018-05-01 00:00:00,Mudd Library
381,2018-05-01 00:00:00,Mudd Library
382,2018-05-01 00:00:00,Mudd Library
383,2018-05-01 00:00:00,Norris
384,2018-05-02 00:00:00,Allen Center
385,2018-05-02 00:00:00,Block Museum
386,2018-05-02 00:00:00,Block Museum
387,2018-05-02 00:00:00,Cook Hall
388,2018-05-02 00:00:00,CUP
389,2018-05-02 00:00:00,CUP
390,2018-05-02 00:00:00,KGH
391,2018-05-02 00:00:00,KGH
392,2018-05-02 00:00:00,KGH
393,2018-05-02 00:00:00,KGH
394,2018-05-02 00:00:00,KGH
395,2018-05-02 00:00:00,KGH
396,2018-05-02 00:00:00,KGH
397,2018-05-02 00:00:00,KGH
398,2018-05-02 00:00:00,KGH
399,2018-05-02 00:00:00,KGH
400,2018-05-02 00:00:00,KGH
401,2018-05-02 00:00:00,KGH
402,2018-05-02 00:00:00,KGH
403,2018-05-02 00:00:00,KGH
404,2018-05-02 00:00:00,KGH
405,2018-05-02 00:00:00,KGH
406,2018-05-02 00:00:00,KGH
407,2018-05-02 00:00:00,KGH
408,2018-05-02 00:00:00,KGH
409,2018-05-02 00:00:00,KGH
410,2018-05-02 00:00:00,KGH
411,2018-05-02 00:00:00,KGH
412,2018-05-02 00:00:00,KGH
413,2018-05-02 00:00:00,KGH
414,2018-05-02 00:00:00,KGH
415,2018-05-02 00:00:00,KGH
416,2018-05-02 00:00:00,KGH
417,2018-05-02 00:00:00,KGH
418,2018-05-02 00:00:00,KGH
419,2018-05-02 00:00:00,KGH
420,2018-05-02 00:00:00,KGH
421,2018-05-02 00:00:00,KGH
422,2018-05-02 00:00:00,KGH
423,2018-05-02 00:00:00,KGH
424,2018-05-02 00:00:00,KGH
425,2018-05-02 00:00:00,KGH
426,2018-05-02 00:00:00,Mudd Library
427,2018-05-02 00:00:00,Mudd Library
428,2018-05-02 00:00:00,Mudd Library
429,2018-05-02 00:00:00,Mudd Library
430,2018-05-02 00:00:00,Mudd Library
431,2018-05-02 00:00:00,Mudd Library
432,2018-05-02 00:00:00,Mudd Library
433,2018-05-02 00:00:00,Mudd Library
434,2018-05-02 00:00:00,Mudd Library
435,2018-05-02 00:00:00,Mudd Library
436,2018-05-02 00:00:00,Mudd Library
437,2018-05-02 00:00:00,Norris
438,2018-05-02 00:00:00,Norris
439,2018-05-02 00:00:00,Norris
440,2018-05-02 00:00:00,RAC
441,2018-05-02 00:00:00,RAC
442,2018-05-02 00:00:00,RAC
443,2018-05-02 00:00:00,RAC
444,2018-05-03 00:00:00,Allen Center
445,2018-05-03 00:00:00,CUP
446,2018-05-03 00:00:00,KGH
447,2018-05-03 00:00:00,KGH
448,2018-05-03 00:00:00,KGH
449,2018-05-03 00:00:00,KGH
450,2018-05-03 00:00:00,KGH
451,2018-05-03 00:00:00,KGH
452,2018-05-03 00:00:00,KGH
453,2018-05-03 00:00:00,KGH
454,2018-05-03 00:00:00,KGH
455,2018-05-03 00:00:00,KGH
456,2018-05-03 00:00:00,KGH
457,2018-05-03 00:00:00,KGH
458,2018-05-03 00:00:00,KGH
459,2018-05-03 00:00:00,KGH
460,2018-05-03 00:00:00,Mudd Library
461,2018-05-03 00:00:00,Mudd Library
462,2018-05-03 00:00:00,Norris
463,2018-05-03 00:00:00,Norris
464,2018-05-03 00:00:00,Norris
465,2018-05-03 00:00:00,RAC
466,2018-05-03 00:00:00,RAC
467,2018-05-03 00:00:00,RAC
468,2018-05-03 00:00:00,RAC
469,2018-05-03 00:00:00,RAC
470,2018-05-03 00:00:00,RAC
471,2018-05-04 00:00:00,Allen Center
472,2018-05-04 00:00:00,Allen Center
473,2018-05-04 00:00:00,Allen Center
474,2018-05-04 00:00:00,Allen Center
475,2018-05-04 00:00:00,Block Museum
476,2018-05-04 00:00:00,Cook Hall
477,2018-05-04 00:00:00,KGH
478,2018-05-04 00:00:00,KGH
479,2018-05-04 00:00:00,KGH
480,2018-05-04 00:00:00,KGH
481,2018-05-04 00:00:00,KGH
482,2018-05-04 00:00:00,KGH
483,2018-05-04 00:00:00,KGH
484,2018-05-04 00:00:00,KGH
485,2018-05-04 00:00:00,KGH
486,2018-05-04 00:00:00,KGH
487,2018-05-04 00:00:00,KGH
488,2018-05-04 00:00:00,KGH
489,2018-05-04 00:00:00,KGH
490,2018-05-04 00:00:00,Mudd Library
491,2018-05-04 00:00:00,Mudd Library
492,2018-05-04 00:00:00,Norris
493,2018-05-04 00:00:00,Northwestern Campus
494,2018-05-04 00:00:00,Northwestern Campus
495,2018-05-04 00:00:00,Pick Stager
496,2018-05-04 00:00:00,Sailing Center
497,2018-05-04 00:00:00,Segal Visitor Center
498,2018-05-04 00:00:00,Segal Visitor Center
499,2018-05-05 00:00:00,KGH
500,2018-05-05 00:00:00,KGH
501,2018-05-05 00:00:00,KGH
502,2018-05-05 00:00:00,KGH
503,2018-05-05 00:00:00,KGH
504,2018-05-05 00:00:00,KGH
505,2018-05-05 00:00:00,KGH
506,2018-05-05 00:00:00,KGH
507,2018-05-05 00:00:00,KGH
508,2018-05-05 00:00:00,KGH
509,2018-05-05 00:00:00,Mudd Library
510,2018-05-05 00:00:00,Mudd Library
511,2018-05-05 00:00:00,Norris
512,2018-05-05 00:00:00,Norris
513,2018-05-05 00:00:00,Segal Visitor Center
514,2018-05-06 00:00:00,KGH
515,2018-05-06 00:00:00,KGH
516,2018-05-06 00:00:00,KGH
517,2018-05-06 00:00:00,Mudd Library
518,2018-05-06 00:00:00,Mudd Library
519,2018-05-06 00:00:00,RAC
520,2018-05-06 00:00:00,RAC
521,2018-05-07 00:00:00,Allen Center
522,2018-05-07 00:00:00,Allen Center
523,2018-05-07 00:00:00,KGH
525,2018-05-09 00:00:00,CUP
526,2018-05-09 00:00:00,CUP
527,2018-05-09 00:00:00,KGH
528,2018-05-09 00:00:00,KGH
529,2018-05-09 00:00:00,KGH
530,2018-05-09 00:00:00,KGH
531,2018-05-09 00:00:00,KGH
532,2018-05-09 00:00:00,Norris
533,2018-05-09 00:00:00,RAC
534,2018-05-09 00:00:00,Walter Annenberg Hall
535,2018-05-10 00:00:00,Allen Center
536,2018-05-10 00:00:00,Block Museum
537,2018-05-10 00:00:00,Cook Hall
538,2018-05-10 00:00:00,Cook Hall
539,2018-05-10 00:00:00,KGH
540,2018-05-10 00:00:00,KGH
541,2018-05-10 00:00:00,KGH
542,2018-05-10 00:00:00,KGH
543,2018-05-10 00:00:00,KGH
544,2018-05-10 00:00:00,KGH
545,2018-05-10 00:00:00,KGH
546,2018-05-10 00:00:00,KGH
547,2018-05-10 00:00:00,KGH
548,2018-05-10 00:00:00,KGH
549,2018-05-10 00:00:00,KGH
550,2018-05-10 00:00:00,KGH
551,2018-05-10 00:00:00,KGH
552,2018-05-10 00:00:00,KGH
553,2018-05-10 00:00:00,KGH
554,2018-05-10 00:00:00,KGH
555,2018-05-10 00:00:00,Mudd Library
556,2018-05-10 00:00:00,Mudd Library
557,2018-05-10 00:00:00,Norris
558,2018-05-10 00:00:00,Pick Stager
559,2018-05-10 00:00:00,Pick Stager
560,2018-05-10 00:00:00,Pick Stager
561,2018-05-11 00:00:00,KGH
562,2018-05-11 00:00:00,KGH
563,2018-05-11 00:00:00,KGH
564,2018-05-11 00:00:00,Mudd Library
565,2018-05-11 00:00:00,RAC
566,2018-05-11 00:00:00,RAC
567,2018-05-11 00:00:00,RAC
568,2018-05-11 00:00:00,RAC
569,2018-05-12 00:00:00,Segal Visitor Center
570,2018-05-13 00:00:00,Mudd Library
571,2018-05-13 00:00:00,RAC
572,2018-05-14 00:00:00,CUP
573,2018-05-14 00:00:00,CUP
574,2018-05-14 00:00:00,CUP
575,2018-05-14 00:00:00,CUP
576,2018-05-14 00:00:00,KGH
577,2018-05-14 00:00:00,KGH
578,2018-05-14 00:00:00,KGH
579,2018-05-14 00:00:00,KGH
580,2018-05-14 00:00:00,KGH
581,2018-05-14 00:00:00,Norris
582,2018-05-15 00:00:00,CUP
583,2018-05-15 00:00:00,KGH
584,2018-05-15 00:00:00,KGH
585,2018-05-15 00:00:00,KGH
586,2018-05-15 00:00:00,KGH
587,2018-05-15 00:00:00,KGH
588,2018-05-15 00:00:00,KGH
589,2018-05-15 00:00:00,KGH
590,2018-05-15 00:00:00,Mudd Library
591,2018-05-15 00:00:00,Norris
592,2018-05-15 00:00:00,Pick Stager
593,2018-05-15 00:00:00,RAC
594,2018-05-15 00:00:00,RAC
595,2018-05-16 00:00:00,Allen Center
596,2018-05-16 00:00:00,KGH
597,2018-05-16 00:00:00,KGH
598,2018-05-16 00:00:00,KGH
599,2018-05-16 00:00:00,KGH
600,2018-05-16 00:00:00,KGH
601,2018-05-16 00:00:00,Mudd Library
602,2018-05-16 00:00:00,Mudd Library
603,2018-05-16 00:00:00,Norris
604,2018-05-16 00:00:00,RAC
605,2018-05-16 00:00:00,Segal Visitor Center
606,2018-05-17 00:00:00,Allen Center
607,2018-05-17 00:00:00,KGH
608,2018-05-17 00:00:00,KGH
609,2018-05-17 00:00:00,KGH
610,2018-05-17 00:00:00,Pick Stager
611,2018-05-17 00:00:00,RAC
612,2018-05-18 00:00:00,KGH
613,2018-05-18 00:00:00,KGH
614,2018-05-18 00:00:00,KGH
615,2018-05-18 00:00:00,Mudd Library
616,2018-05-18 00:00:00,Norris
617,2018-05-18 00:00:00,Pick Stager
618,2018-05-19 00:00:00,CUP
619,2018-05-19 00:00:00,KGH
620,2018-05-20 00:00:00,CUP
621,2018-05-20 00:00:00,KGH
622,2018-05-20 00:00:00,Pick Stager
623,2018-05-21 00:00:00,KGH
624,2018-05-21 00:00:00,KGH
625,2018-05-21 00:00:00,KGH
626,2018-05-21 00:00:00,KGH
627,2018-05-21 00:00:00,Mudd Library
628,2018-05-21 00:00:00,Pick Stager
629,2018-05-22 00:00:00,Allen Center
630,2018-05-22 00:00:00,Barber Theater
631,2018-05-22 00:00:00,CUP
632,2018-05-22 00:00:00,CUP
633,2018-05-22 00:00:00,KGH
634,2018-05-22 00:00:00,KGH
635,2018-05-22 00:00:00,KGH
636,2018-05-22 00:00:00,KGH
637,2018-05-22 00:00:00,KGH
638,2018-05-22 00:00:00,KGH
639,2018-05-22 00:00:00,KGH
640,2018-05-22 00:00:00,KGH
641,2018-05-22 00:00:00,Mudd Library
642,2018-05-22 00:00:00,Mudd Library
643,2018-05-22 00:00:00,Mudd Library
644,2018-05-22 00:00:00,Mudd Library
645,2018-05-22 00:00:00,Mudd Library
646,2018-05-22 00:00:00,Mudd Library
647,2018-05-22 00:00:00,Mudd Library
648,2018-05-22 00:00:00,Norris
649,2018-05-22 00:00:00,Norris
650,2018-05-22 00:00:00,Pick Stager
651,2018-05-22 00:00:00,RAC
652,2018-05-22 00:00:00,RAC
653,2018-05-22 00:00:00,RAC
654,2018-05-23 00:00:00,Allen Center
655,2018-05-23 00:00:00,Allen Center
656,2018-05-23 00:00:00,Allen Center
657,2018-05-23 00:00:00,Allen Center
658,2018-05-23 00:00:00,CUP
659,2018-05-23 00:00:00,KGH
660,2018-05-23 00:00:00,KGH
661,2018-05-23 00:00:00,KGH
662,2018-05-23 00:00:00,Mudd Library
663,2018-05-23 00:00:00,Norris
664,2018-05-23 00:00:00,Pick Stager
665,2018-05-24 00:00:00,KGH
666,2018-05-24 00:00:00,RAC
667,2018-05-24 00:00:00,RAC
668,2018-05-24 00:00:00,RAC
669,2018-05-24 00:00:00,RAC
670,2018-05-24 00:00:00,RAC
671,2018-05-24 00:00:00,RAC
672,2018-05-24 00:00:00,RAC
673,2018-05-24 00:00:00,RAC
674,2018-05-24 00:00:00,RAC
675,2018-05-24 00:00:00,Segal Visitor Center
676,2018-05-24 00:00:00,Segal Visitor Center
677,2018-05-25 00:00:00,Allen Center
678,2018-05-25 00:00:00,KGH
679,2018-05-25 00:00:00,KGH
680,2018-05-25 00:00:00,KGH
681,2018-05-25 00:00:00,Mudd Library
682,2018-05-25 00:00:00,Mudd Library
683,2018-05-26 00:00:00,KGH
684,2018-05-26 00:00:00,KGH
685,2018-05-28 00:00:00,KGH
686,2018-05-28 00:00:00,KGH
687,2018-05-29 00:00:00,Allen Center
688,2018-05-29 00:00:00,KGH
689,2018-05-29 00:00:00,RAC
690,2018-05-29 00:00:00,RAC
691,2018-05-29 00:00:00,RAC
692,2018-05-31 00:00:00,KGH
693,2018-05-31 00:00:00,KGH
694,2018-05-31 00:00:00,Mudd Library
695,2018-05-31 00:00:00,Mudd Library
696,2018-06-01 00:00:00,RAC
697,2018-06-03 00:00:00,Barber Theater
698,2018-06-04 00:00:00,Mudd Library
699,2018-06-05 00:00:00,CUP
700,2018-06-05 00:00:00,CUP
701,2018-06-05 00:00:00,KGH
702,2018-07-02 00:00:00,RAC
703,2018-08-21 00:00:00,KGH
704,2018-08-21 00:00:00,RAC
705,2018-08-22 00:00:00,KGH
706,2018-08-24 00:00:00,RAC
707,2018-08-25 00:00:00,KGH
708,2018-08-26 00:00:00,KGH
709,2018-08-26 00:00:00,KGH
710,2018-08-26 00:00:00,RAC
711,2018-08-27 00:00:00,KGH
712,2018-08-28 00:00:00,KGH
713,2018-08-29 00:00:00,KGH
714,2018-08-29 00:00:00,Mudd Library
715,2018-08-30 00:00:00,KGH
716,2018-08-30 00:00:00,KGH
717,2018-08-30 00:00:00,KGH
718,2018-08-31 00:00:00,KGH
719,2018-09-03 00:00:00,Allen Center
720,2018-09-04 00:00:00,KGH
721,2018-09-04 00:00:00,Ryan Arts Center
722,2018-09-04 00:00:00,Segal Visitor Center
723,2018-09-05 00:00:00,KGH
724,2018-09-06 00:00:00,Allen Center
725,2018-09-06 00:00:00,Allen Center
726,2018-09-06 00:00:00,Pick Stager
727,2018-09-07 00:00:00,CUP
728,2018-09-07 00:00:00,Segal Visitor Center
729,2018-09-08 00:00:00,KGH
730,2018-09-09 00:00:00,Mudd Library
731,2018-09-10 00:00:00,Northwestern Campus
732,2018-09-10 00:00:00,RAC
733,2018-09-11 00:00:00,KGH
734,2018-09-11 00:00:00,KGH
735,2018-09-12 00:00:00,KGH
736,2018-09-12 00:00:00,KGH
737,2018-09-13 00:00:00,KGH
738,2018-09-13 00:00:00,Ryan Arts Center
739,2018-09-14 00:00:00,Barber Theater
740,2018-09-15 00:00:00,KGH
741,2018-09-16 00:00:00,KGH
742,2018-09-18 00:00:00,Allen Center
743,2018-09-18 00:00:00,KGH
744,2018-09-18 00:00:00,KGH
745,2018-09-18 00:00:00,KGH
746,2018-09-18 00:00:00,KGH
747,2018-09-18 00:00:00,KGH
748,2018-09-18 00:00:00,Ryan Arts Center
749,2018-09-18 00:00:00,Ryan Arts Center
750,2018-09-19 00:00:00,Segal Visitor Center
751,2018-09-20 00:00:00,Mudd Library
752,2018-09-20 00:00:00,RAC
753,2018-09-20 00:00:00,Sailing Center
754,2018-09-21 00:00:00,CUP
755,2018-09-21 00:00:00,KGH
756,2018-09-22 00:00:00,Allen Center
757,2018-09-22 00:00:00,Barber Theater
758,2018-09-22 00:00:00,RAC
759,2018-09-22 00:00:00,RAC
760,2018-09-23 00:00:00,KGH
761,2018-09-24 00:00:00,KGH
762,2018-09-25 00:00:00,RAC
763,2018-09-26 00:00:00,KGH
764,2018-09-26 00:00:00,RAC
765,2018-09-27 00:00:00,CUP
766,2018-09-27 00:00:00,KGH
767,2018-09-27 00:00:00,KGH
768,2018-09-27 00:00:00,Mudd Library
769,2018-09-27 00:00:00,Mudd Library
770,2018-09-27 00:00:00,RAC
771,2018-09-27 00:00:00,Ryan Arts Center
772,2018-09-28 00:00:00,Block Museum
773,2018-09-28 00:00:00,KGH
774,2018-09-28 00:00:00,Mudd Library
775,2018-09-28 00:00:00,Mudd Library
776,2018-09-28 00:00:00,RAC
777,2018-09-28 00:00:00,Ryan Arts Center
778,2018-09-28 00:00:00,Ryan Arts Center
779,2018-09-29 00:00:00,Barber Theater
780,2018-09-29 00:00:00,CUP
781,2018-09-29 00:00:00,KGH
782,2018-09-29 00:00:00,KGH
783,2018-09-29 00:00:00,Mudd Library
784,2018-09-29 00:00:00,Mudd Library
785,2018-09-29 00:00:00,RAC
786,2018-09-29 00:00:00,RAC
787,2018-09-29 00:00:00,RAC
788,2018-09-29 00:00:00,RAC
789,2018-09-29 00:00:00,RAC
790,2018-09-29 00:00:00,RAC
791,2018-09-30 00:00:00,KGH
792,2018-09-30 00:00:00,KGH
793,2018-09-30 00:00:00,Mudd Library
794,2018-09-30 00:00:00,RAC
795,2018-09-30 00:00:00,RAC
796,2018-10-01 00:00:00,Cook Hall
797,2018-10-01 00:00:00,Norris
798,2018-10-02 00:00:00,KGH
799,2018-10-02 00:00:00,RAC
800,2018-10-03 00:00:00,KGH
801,2018-10-03 00:00:00,KGH
802,2018-10-03 00:00:00,KGH
803,2018-10-03 00:00:00,KGH
804,2018-10-04 00:00:00,Barber Theater
805,2018-10-04 00:00:00,Norris
806,2018-10-05 00:00:00,Ryan Arts Center
807,2018-10-05 00:00:00,Segal Visitor Center
808,2018-10-05 00:00:00,Segal Visitor Center
809,2018-10-05 00:00:00,Segal Visitor Center
810,2018-10-06 00:00:00,KGH
811,2018-10-06 00:00:00,KGH
812,2018-10-06 00:00:00,RAC
813,2018-10-06 00:00:00,Segal Visitor Center
814,2018-10-08 00:00:00,KGH
815,2018-10-08 00:00:00,Norris
816,2018-10-09 00:00:00,Allen Center
817,2018-10-09 00:00:00,KGH
818,2018-10-09 00:00:00,KGH
819,2018-10-09 00:00:00,KGH
820,2018-10-09 00:00:00,KGH
821,2018-10-09 00:00:00,KGH
822,2018-10-09 00:00:00,KGH
823,2018-10-09 00:00:00,Mudd Library
824,2018-10-09 00:00:00,RAC
825,2018-10-10 00:00:00,RAC
826,2018-10-11 00:00:00,Allen Center
827,2018-10-11 00:00:00,Allen Center
828,2018-10-11 00:00:00,KGH
829,2018-10-11 00:00:00,KGH
830,2018-10-11 00:00:00,KGH
831,2018-10-11 00:00:00,KGH
832,2018-10-11 00:00:00,Mudd Library
833,2018-10-11 00:00:00,Mudd Library
834,2018-10-11 00:00:00,Mudd Library
835,2018-10-11 00:00:00,RAC
836,2018-10-11 00:00:00,RAC
837,2018-10-11 00:00:00,RAC
838,2018-10-11 00:00:00,RAC
839,2018-10-11 00:00:00,RAC
840,2018-10-11 00:00:00,Ryan Arts Center
841,2018-10-11 00:00:00,Sailing Center
842,2018-10-11 00:00:00,Segal Visitor Center
843,2018-10-12 00:00:00,Allen Center
844,2018-10-12 00:00:00,Block Museum
845,2018-10-12 00:00:00,KGH
846,2018-10-12 00:00:00,KGH
847,2018-10-12 00:00:00,KGH
848,2018-10-12 00:00:00,KGH
849,2018-10-12 00:00:00,KGH
850,2018-10-12 00:00:00,RAC
851,2018-10-12 00:00:00,Ryan Arts Center
852,2018-10-13 00:00:00,Barber Theater
853,2018-10-13 00:00:00,Barber Theater
854,2018-10-13 00:00:00,KGH
855,2018-10-13 00:00:00,KGH
856,2018-10-13 00:00:00,KGH
857,2018-10-13 00:00:00,KGH
858,2018-10-13 00:00:00,KGH
859,2018-10-13 00:00:00,KGH
860,2018-10-13 00:00:00,KGH
861,2018-10-13 00:00:00,Mudd Library
862,2018-10-13 00:00:00,Norris
863,2018-10-13 00:00:00,Pick Stager
864,2018-10-13 00:00:00,RAC
865,2018-10-13 00:00:00,RAC
866,2018-10-13 00:00:00,RAC
867,2018-10-14 00:00:00,Barber Theater
868,2018-10-14 00:00:00,KGH
869,2018-10-14 00:00:00,KGH
870,2018-10-14 00:00:00,Norris
871,2018-10-15 00:00:00,KGH
872,2018-10-15 00:00:00,RAC
873,2018-10-15 00:00:00,RAC
874,2018-10-15 00:00:00,Ryan Arts Center
875,2018-10-16 00:00:00,Allen Center
876,2018-10-16 00:00:00,KGH
877,2018-10-16 00:00:00,KGH
878,2018-10-16 00:00:00,KGH
879,2018-10-16 00:00:00,Mudd Library
880,2018-10-16 00:00:00,Mudd Library
881,2018-10-16 00:00:00,Mudd Library
882,2018-10-16 00:00:00,RAC
883,2018-10-16 00:00:00,RAC
884,2018-10-16 00:00:00,RAC
885,2018-10-17 00:00:00,Allen Center
886,2018-10-17 00:00:00,Block Museum
887,2018-10-17 00:00:00,KGH
888,2018-10-17 00:00:00,KGH
889,2018-10-17 00:00:00,KGH
890,2018-10-17 00:00:00,KGH
891,2018-10-17 00:00:00,KGH
892,2018-10-17 00:00:00,KGH
893,2018-10-17 00:00:00,KGH
894,2018-10-17 00:00:00,KGH
895,2018-10-17 00:00:00,KGH
896,2018-10-17 00:00:00,KGH
897,2018-10-17 00:00:00,KGH
898,2018-10-17 00:00:00,KGH
899,2018-10-17 00:00:00,KGH
900,2018-10-17 00:00:00,KGH
901,2018-10-17 00:00:00,KGH
902,2018-10-17 00:00:00,KGH
903,2018-10-17 00:00:00,KGH
904,2018-10-17 00:00:00,KGH
905,2018-10-17 00:00:00,KGH
906,2018-10-17 00:00:00,KGH
907,2018-10-17 00:00:00,Mudd Library
908,2018-10-17 00:00:00,Mudd Library
909,2018-10-17 00:00:00,Mudd Library
910,2018-10-17 00:00:00,Mudd Library
911,2018-10-17 00:00:00,Mudd Library
912,2018-10-17 00:00:00,Mudd Library
913,2018-10-17 00:00:00,RAC
914,2018-10-17 00:00:00,RAC
915,2018-10-17 00:00:00,RAC
916,2018-10-17 00:00:00,RAC
917,2018-10-17 00:00:00,RAC
918,2018-10-17 00:00:00,RAC
919,2018-10-17 00:00:00,RAC
920,2018-10-17 00:00:00,RAC
921,2018-10-17 00:00:00,RAC
922,2018-10-17 00:00:00,RAC
923,2018-10-17 00:00:00,RAC
924,2018-10-17 00:00:00,RAC
925,2018-10-17 00:00:00,RAC
926,2018-10-17 00:00:00,RAC
927,2018-10-17 00:00:00,RAC
928,2018-10-18 00:00:00,Allen Center
929,2018-10-18 00:00:00,Allen Center
930,2018-10-18 00:00:00,CUP
931,2018-10-18 00:00:00,KGH
932,2018-10-18 00:00:00,KGH
933,2018-10-18 00:00:00,KGH
934,2018-10-18 00:00:00,KGH
935,2018-10-18 00:00:00,Mudd Library
936,2018-10-18 00:00:00,Mudd Library
937,2018-10-18 00:00:00,Mudd Library
938,2018-10-18 00:00:00,Norris
939,2018-10-18 00:00:00,Norris
940,2018-10-18 00:00:00,RAC
941,2018-10-18 00:00:00,Ryan Arts Center
942,2018-10-18 00:00:00,Sailing Center
943,2018-10-18 00:00:00,Sailing Center
944,2018-10-18 00:00:00,Sailing Center
945,2018-10-18 00:00:00,Walter Annenberg Hall
946,2018-10-19 00:00:00,Allen Center
947,2018-10-19 00:00:00,Allen Center
948,2018-10-19 00:00:00,Allen Center
949,2018-10-19 00:00:00,KGH
950,2018-10-19 00:00:00,RAC
951,2018-10-19 00:00:00,Segal Visitor Center
952,2018-10-20 00:00:00,KGH
953,2018-10-20 00:00:00,KGH
954,2018-10-20 00:00:00,Mudd Library
955,2018-10-20 00:00:00,RAC
956,2018-10-20 00:00:00,RAC
957,2018-10-22 00:00:00,KGH
958,2018-10-22 00:00:00,KGH
959,2018-10-22 00:00:00,RAC
960,2018-10-22 00:00:00,RAC
961,2018-10-22 00:00:00,RAC
962,2018-10-22 00:00:00,RAC
963,2018-10-22 00:00:00,RAC
964,2018-10-22 00:00:00,Ryan Arts Center
965,2018-10-23 00:00:00,Allen Center
966,2018-10-23 00:00:00,Allen Center
967,2018-10-23 00:00:00,CUP
968,2018-10-23 00:00:00,CUP
969,2018-10-23 00:00:00,KGH
970,2018-10-23 00:00:00,KGH
971,2018-10-23 00:00:00,Mudd Library
972,2018-10-23 00:00:00,Mudd Library
973,2018-10-23 00:00:00,Mudd Library
974,2018-10-23 00:00:00,RAC
975,2018-10-23 00:00:00,Regenstein
976,2018-10-23 00:00:00,Ryan Arts Center
977,2018-10-25 00:00:00,KGH
978,2018-10-25 00:00:00,RAC
979,2018-10-26 00:00:00,RAC
980,2018-10-29 00:00:00,Francis Searle
981,2018-10-29 00:00:00,Mudd Library
982,2018-10-29 00:00:00,RAC
983,2018-10-29 00:00:00,RAC
984,2018-10-30 00:00:00,KGH
985,2018-10-30 00:00:00,KGH
986,2018-11-01 00:00:00,Deering Tower
987,2018-11-01 00:00:00,Mudd Library
988,2018-11-01 00:00:00,Mudd Library
989,2018-11-01 00:00:00,RAC
990,2018-11-07 00:00:00,RAC
991,2018-11-08 00:00:00,KGH
992,2018-11-08 00:00:00,RAC
993,2018-11-08 00:00:00,RAC
994,2018-11-09 00:00:00,Allen Center
995,2018-11-10 00:00:00,KGH
996,2018-11-11 00:00:00,Francis Searle
997,2018-11-13 00:00:00,Francis Searle
998,2018-11-13 00:00:00,KGH
999,2018-11-13 00:00:00,RAC
1000,2018-11-13 00:00:00,Segal Visitor Center
1001,2018-11-15 00:00:00,Allen Center
1002,2018-11-16 00:00:00,Pick Stager
1003,2018-11-19 00:00:00,RAC
1004,2018-11-19 00:00:00,RAC
1005,2018-11-19 00:00:00,RAC
1006,2019-03-19 00:00:00,Mudd Library
1007,2019-03-20 00:00:00,Allen Center
1008,2019-03-20 00:00:00,RAC
1009,2019-03-22 00:00:00,RAC
1010,2019-03-22 00:00:00,Sailing Center
1011,2019-03-24 00:00:00,Segal Visitor Center
1012,2019-03-27 00:00:00,CUP
1013,2019-03-27 00:00:00,RAC
1014,2019-03-28 00:00:00,KGH
1015,2019-03-28 00:00:00,Mudd Library
1016,2019-03-28 00:00:00,RAC
1017,2019-04-02 00:00:00,KGH
1018,2019-04-02 00:00:00,KGH
1019,2019-04-02 00:00:00,Mudd Library
1020,2019-04-02 00:00:00,Mudd Library
1021,2019-04-02 00:00:00,RAC
1022,2019-04-03 00:00:00,KGH
1023,2019-04-03 00:00:00,KGH
1024,2019-04-03 00:00:00,RAC
1025,2019-04-04 00:00:00,CUP
1026,2019-04-06 00:00:00,Allen Center
1027,2019-04-06 00:00:00,KGH
1028,2019-04-06 00:00:00,Mudd Library
1029,2019-04-06 00:00:00,Mudd Library
1030,2019-04-06 00:00:00,Mudd Library
1031,2019-04-07 00:00:00,KGH
1032,2019-04-07 00:00:00,KGH
1033,2019-04-07 00:00:00,KGH
1034,2019-04-07 00:00:00,KGH
1035,2019-04-07 00:00:00,KGH
1036,2019-04-07 00:00:00,Mudd Library
1037,2019-04-07 00:00:00,RAC
1038,2019-04-07 00:00:00,RAC
1039,2019-04-07 00:00:00,RAC
1040,2019-04-07 00:00:00,RAC
1041,2019-04-08 00:00:00,Allen Center
1042,2019-04-08 00:00:00,KGH
1043,2019-04-08 00:00:00,RAC
1044,2019-04-09 00:00:00,KGH
1045,2019-04-09 00:00:00,KGH
1046,2019-04-09 00:00:00,RAC
1047,2019-04-13 00:00:00,Cook Hall
1048,2019-04-13 00:00:00,KGH
1049,2019-04-13 00:00:00,KGH
1050,2019-04-13 00:00:00,KGH
1051,2019-04-13 00:00:00,Lewis Theater
1052,2019-04-13 00:00:00,Marshall Dance Center
1053,2019-04-13 00:00:00,Norris
1054,2019-04-14 00:00:00,Mudd Library
1055,2019-04-16 00:00:00,Allen Center
1056,2019-04-16 00:00:00,KGH
1057,2019-04-16 00:00:00,KGH
1058,2019-04-16 00:00:00,KGH
1059,2019-04-16 00:00:00,RAC
1060,2019-04-16 00:00:00,RAC
1061,2019-04-16 00:00:00,RAC
1062,2019-04-16 00:00:00,Segal Visitor Center
1063,2019-04-18 00:00:00,CUP
1064,2019-04-18 00:00:00,CUP
1065,2019-04-18 00:00:00,KGH
1066,2019-04-18 00:00:00,KGH
1067,2019-04-18 00:00:00,KGH
1068,2019-04-18 00:00:00,KGH
1069,2019-04-18 00:00:00,KGH
1070,2019-04-18 00:00:00,Mudd Library
1071,2019-04-18 00:00:00,Mudd Library
1072,2019-04-18 00:00:00,Mudd Library
1073,2019-04-18 00:00:00,Norris
1074,2019-04-18 00:00:00,RAC
1075,2019-04-18 00:00:00,Regenstein
1076,2019-04-19 00:00:00,KGH
1077,2019-04-20 00:00:00,Mudd Library
1078,2019-04-20 00:00:00,RAC
1079,2019-04-21 00:00:00,Norris
1080,2019-04-22 00:00:00,KGH
1081,2019-04-22 00:00:00,KGH
1082,2019-04-22 00:00:00,Mudd Library
1083,2019-04-22 00:00:00,Mudd Library
1084,2019-04-22 00:00:00,Norris
1085,2019-04-22 00:00:00,RAC
1086,2019-04-23 00:00:00,Allen Center
1087,2019-04-23 00:00:00,Barber Theater
1088,2019-04-23 00:00:00,KGH
1089,2019-04-23 00:00:00,KGH
1090,2019-04-23 00:00:00,KGH
1091,2019-04-23 00:00:00,KGH
1092,2019-04-23 00:00:00,Mudd Library
1093,2019-04-23 00:00:00,Mudd Library
1094,2019-04-23 00:00:00,Mudd Library
1095,2019-04-23 00:00:00,Mudd Library
1096,2019-04-23 00:00:00,RAC
1097,2019-04-23 00:00:00,RAC
1098,2019-04-24 00:00:00,Allen Center
1099,2019-04-24 00:00:00,RAC
1100,2019-04-24 00:00:00,RAC
1101,2019-04-24 00:00:00,RAC
1102,2019-04-25 00:00:00,Barber Theater
1103,2019-04-25 00:00:00,RAC
1104,2019-04-25 00:00:00,RAC
1105,2019-04-26 00:00:00,RAC
1106,2019-04-28 00:00:00,KGH
1107,2019-04-28 00:00:00,Segal Visitor Center
1108,2019-04-30 00:00:00,Allen Center
1109,2019-04-30 00:00:00,KGH
1110,2019-05-01 00:00:00,KGH
1111,2019-05-01 00:00:00,KGH
1112,2019-05-02 00:00:00,Allen Center
1113,2019-05-02 00:00:00,Cook Hall
1114,2019-05-02 00:00:00,CUP
1115,2019-05-02 00:00:00,KGH
1116,2019-05-02 00:00:00,KGH
1117,2019-05-02 00:00:00,KGH
1118,2019-05-02 00:00:00,KGH
1119,2019-05-02 00:00:00,Mudd Library
1120,2019-05-02 00:00:00,Mudd Library
1121,2019-05-02 00:00:00,Mudd Library
1122,2019-05-02 00:00:00,Sailing Center
1123,2019-05-03 00:00:00,Allen Center
1124,2019-05-03 00:00:00,Allen Center
1125,2019-05-03 00:00:00,KGH
1126,2019-05-03 00:00:00,KGH
1127,2019-05-03 00:00:00,KGH
1128,2019-05-03 00:00:00,KGH
1129,2019-05-03 00:00:00,KGH
1130,2019-05-03 00:00:00,Mudd Library
1131,2019-05-03 00:00:00,Mudd Library
1132,2019-05-03 00:00:00,Mudd Library
1133,2019-05-03 00:00:00,Mudd Library
1134,2019-05-03 00:00:00,Mudd Library
1135,2019-05-03 00:00:00,RAC
1136,2019-05-04 00:00:00,Barber Theater
1137,2019-05-04 00:00:00,Mudd Library
1138,2019-05-04 00:00:00,Mudd Library
1139,2019-05-04 00:00:00,Mudd Library
1140,2019-05-04 00:00:00,Mudd Library
1141,2019-05-04 00:00:00,Mudd Library
1142,2019-05-04 00:00:00,Mudd Library
1143,2019-05-04 00:00:00,Mudd Library
1144,2019-05-04 00:00:00,Mudd Library
1145,2019-05-04 00:00:00,Mudd Library
1146,2019-05-04 00:00:00,Mudd Library
1147,2019-05-05 00:00:00,Allen Center
1148,2019-05-05 00:00:00,Allen Center
1149,2019-05-05 00:00:00,KGH
1150,2019-05-05 00:00:00,KGH
1151,2019-05-05 00:00:00,KGH
1152,2019-05-05 00:00:00,Mudd Library
1153,2019-05-05 00:00:00,Pancoe Life Sciences
1154,2019-05-05 00:00:00,RAC
1155,2019-05-05 00:00:00,RAC
1156,2019-05-05 00:00:00,Silverman Hall
1157,2019-05-06 00:00:00,KGH
1158,2019-05-06 00:00:00,KGH
1159,2019-05-06 00:00:00,KGH
1160,2019-05-06 00:00:00,KGH
1161,2019-05-06 00:00:00,KGH
1162,2019-05-06 00:00:00,KGH
1163,2019-05-06 00:00:00,KGH
1164,2019-05-06 00:00:00,KGH
1165,2019-05-06 00:00:00,KGH
1166,2019-05-06 00:00:00,KGH
1167,2019-05-06 00:00:00,KGH
1168,2019-05-06 00:00:00,KGH
1169,2019-05-06 00:00:00,KGH
1170,2019-05-06 00:00:00,KGH
1171,2019-05-06 00:00:00,KGH
1172,2019-05-06 00:00:00,KGH
1173,2019-05-06 00:00:00,KGH
1174,2019-05-06 00:00:00,KGH
1175,2019-05-06 00:00:00,KGH
1176,2019-05-06 00:00:00,KGH
1177,2019-05-06 00:00:00,KGH
1178,2019-05-06 00:00:00,KGH
1179,2019-05-06 00:00:00,KGH
1180,2019-05-06 00:00:00,KGH
1181,2019-05-06 00:00:00,KGH
1182,2019-05-06 00:00:00,KGH
1183,2019-05-06 00:00:00,KGH
1184,2019-05-06 00:00:00,KGH
1185,2019-05-06 00:00:00,KGH
1186,2019-05-06 00:00:00,Mudd Library
1187,2019-05-06 00:00:00,Mudd Library
1188,2019-05-06 00:00:00,Mudd Library
1189,2019-05-06 00:00:00,Mudd Library
1190,2019-05-06 00:00:00,Mudd Library
1191,2019-05-06 00:00:00,Mudd Library
1192,2019-05-06 00:00:00,Mudd Library
1193,2019-05-06 00:00:00,Norris
1194,2019-05-06 00:00:00,Norris
1195,2019-05-06 00:00:00,Norris
1196,2019-05-06 00:00:00,Norris
1197,2019-05-06 00:00:00,RAC
1198,2019-05-06 00:00:00,RAC
1199,2019-05-06 00:00:00,RAC
1200,2019-05-06 00:00:00,RAC
1201,2019-05-06 00:00:00,Segal Visitor Center
1202,2019-05-07 00:00:00,Allen Center
1203,2019-05-07 00:00:00,KGH
1204,2019-05-07 00:00:00,KGH
1205,2019-05-07 00:00:00,KGH
1206,2019-05-07 00:00:00,Norris
1207,2019-05-07 00:00:00,Norris
1208,2019-05-07 00:00:00,RAC
1209,2019-05-07 00:00:00,RAC
1210,2019-05-07 00:00:00,RAC
1211,2019-05-07 00:00:00,Ryan Arts Center
1212,2019-05-08 00:00:00,RAC
1213,2019-05-09 00:00:00,Allen Center
1214,2019-05-09 00:00:00,CUP
1215,2019-05-09 00:00:00,CUP
1216,2019-05-09 00:00:00,KGH
1217,2019-05-09 00:00:00,KGH
1218,2019-05-09 00:00:00,Mudd Library
1219,2019-05-09 00:00:00,Norris
1220,2019-05-09 00:00:00,Norris
1221,2019-05-09 00:00:00,RAC
1222,2019-05-09 00:00:00,Regenstein
1223,2019-05-10 00:00:00,Allen Center
1224,2019-05-10 00:00:00,Cook Hall
1225,2019-05-10 00:00:00,KGH
1226,2019-05-10 00:00:00,KGH
1227,2019-05-10 00:00:00,KGH
1228,2019-05-10 00:00:00,KGH
1229,2019-05-10 00:00:00,KGH
1230,2019-05-10 00:00:00,KGH
1231,2019-05-10 00:00:00,KGH
1232,2019-05-10 00:00:00,KGH
1233,2019-05-10 00:00:00,KGH
1234,2019-05-10 00:00:00,Mudd Library
1235,2019-05-10 00:00:00,Norris
1236,2019-05-10 00:00:00,RAC
1237,2019-05-10 00:00:00,RAC
1238,2019-05-11 00:00:00,Hogan Bldg
1239,2019-05-11 00:00:00,KGH
1240,2019-05-11 00:00:00,KGH
1241,2019-05-11 00:00:00,KGH
1242,2019-05-11 00:00:00,Mudd Library
1243,2019-05-11 00:00:00,RAC
1244,2019-05-11 00:00:00,RAC
1245,2019-05-11 00:00:00,Segal Visitor Center
1246,2019-05-13 00:00:00,Lewis Theater
1247,2019-05-14 00:00:00,Allen Center
1248,2019-05-14 00:00:00,CUP
1249,2019-05-14 00:00:00,Francis Searle
1250,2019-05-14 00:00:00,KGH
1251,2019-05-14 00:00:00,Mudd Library
1252,2019-05-14 00:00:00,Mudd Library
1253,2019-05-14 00:00:00,Mudd Library
1254,2019-05-14 00:00:00,Pick Stager
1255,2019-05-15 00:00:00,Allen Center
1256,2019-05-15 00:00:00,Allen Center
1257,2019-05-15 00:00:00,Cook Hall
1258,2019-05-15 00:00:00,CUP
1259,2019-05-15 00:00:00,KGH
1260,2019-05-15 00:00:00,Norris
1261,2019-05-15 00:00:00,Norris
1262,2019-05-16 00:00:00,Allen Center
1263,2019-05-16 00:00:00,Allen Center
1264,2019-05-16 00:00:00,Allen Center
1265,2019-05-16 00:00:00,Cook Hall
1266,2019-05-16 00:00:00,Cook Hall
1267,2019-05-16 00:00:00,Cook Hall
1268,2019-05-16 00:00:00,Cook Hall
1269,2019-05-16 00:00:00,Cook Hall
1270,2019-05-16 00:00:00,KGH
1271,2019-05-16 00:00:00,KGH
1272,2019-05-16 00:00:00,KGH
1273,2019-05-16 00:00:00,KGH
1274,2019-05-16 00:00:00,KGH
1275,2019-05-16 00:00:00,KGH
1276,2019-05-16 00:00:00,KGH
1277,2019-05-16 00:00:00,KGH
1278,2019-05-16 00:00:00,KGH
1279,2019-05-16 00:00:00,KGH
1280,2019-05-16 00:00:00,KGH
1281,2019-05-16 00:00:00,KGH
1282,2019-05-16 00:00:00,KGH
1283,2019-05-16 00:00:00,KGH
1284,2019-05-16 00:00:00,KGH
1285,2019-05-16 00:00:00,KGH
1286,2019-05-16 00:00:00,KGH
1287,2019-05-16 00:00:00,KGH
1288,2019-05-16 00:00:00,KGH
1289,2019-05-16 00:00:00,Mudd Library
1290,2019-05-16 00:00:00,Mudd Library
1291,2019-05-16 00:00:00,Mudd Library
1292,2019-05-16 00:00:00,Mudd Library
1293,2019-05-16 00:00:00,Mudd Library
1294,2019-05-16 00:00:00,Mudd Library
1295,2019-05-16 00:00:00,Mudd Library
1296,2019-05-16 00:00:00,Mudd Library
1297,2019-05-16 00:00:00,Mudd Library
1298,2019-05-16 00:00:00,Mudd Library
1299,2019-05-16 00:00:00,Mudd Library
1300,2019-05-16 00:00:00,Mudd Library
1301,2019-05-16 00:00:00,Mudd Library
1302,2019-05-16 00:00:00,Mudd Library
1303,2019-05-16 00:00:00,Mudd Library
1304,2019-05-16 00:00:00,Mudd Library
1305,2019-05-16 00:00:00,Mudd Library
1306,2019-05-16 00:00:00,Mudd Library
1307,2019-05-16 00:00:00,Mudd Library
1308,2019-05-16 00:00:00,Mudd Library
1309,2019-05-16 00:00:00,Mudd Library
1310,2019-05-16 00:00:00,Mudd Library
1311,2019-05-16 00:00:00,Mudd Library
1312,2019-05-16 00:00:00,Norris
1313,2019-05-16 00:00:00,Norris
1314,2019-05-16 00:00:00,Norris
1315,2019-05-16 00:00:00,Norris
1316,2019-05-16 00:00:00,Norris
1317,2019-05-16 00:00:00,Norris
1318,2019-05-16 00:00:00,Norris
1319,2019-05-16 00:00:00,Norris
1320,2019-05-16 00:00:00,RAC
1321,2019-05-16 00:00:00,RAC
1322,2019-05-16 00:00:00,RAC
1323,2019-05-16 00:00:00,RAC
1324,2019-05-16 00:00:00,RAC
1325,2019-05-16 00:00:00,RAC
1326,2019-05-16 00:00:00,RAC
1327,2019-05-16 00:00:00,RAC
1328,2019-05-16 00:00:00,RAC
1329,2019-05-16 00:00:00,RAC
1330,2019-05-16 00:00:00,Ryan Arts Center
1331,2019-05-16 00:00:00,Silverman Hall
1332,2019-05-17 00:00:00,KGH
1333,2019-05-17 00:00:00,Mudd Library
1334,2019-05-17 00:00:00,Norris
1335,2019-05-17 00:00:00,Ryan Arts Center
1336,2019-05-18 00:00:00,CUP
1337,2019-05-18 00:00:00,RAC
1338,2019-05-18 00:00:00,Ryan Arts Center
1339,2019-05-19 00:00:00,Alvina Krause Studio
1340,2019-05-19 00:00:00,Barber Theater
1341,2019-05-19 00:00:00,KGH
1342,2019-05-19 00:00:00,KGH
1343,2019-05-19 00:00:00,KGH
1344,2019-05-19 00:00:00,Mudd Library
1345,2019-05-19 00:00:00,Mudd Library
1346,2019-05-19 00:00:00,Mudd Library
1347,2019-05-19 00:00:00,Mudd Library
1348,2019-05-19 00:00:00,Mudd Library
1349,2019-05-19 00:00:00,RAC
1350,2019-05-19 00:00:00,RAC
1351,2019-05-19 00:00:00,RAC
1352,2019-05-19 00:00:00,Ryan Arts Center
1353,2019-05-20 00:00:00,Barber Theater
1354,2019-05-20 00:00:00,Barber Theater
1355,2019-05-20 00:00:00,Block Museum
1356,2019-05-20 00:00:00,KGH
1357,2019-05-20 00:00:00,KGH
1358,2019-05-20 00:00:00,KGH
1359,2019-05-20 00:00:00,KGH
1360,2019-05-20 00:00:00,KGH
1361,2019-05-20 00:00:00,KGH
1362,2019-05-20 00:00:00,KGH
1363,2019-05-20 00:00:00,KGH
1364,2019-05-20 00:00:00,KGH
1365,2019-05-20 00:00:00,KGH
1366,2019-05-20 00:00:00,KGH
1367,2019-05-20 00:00:00,KGH
1368,2019-05-20 00:00:00,KGH
1369,2019-05-20 00:00:00,KGH
1370,2019-05-20 00:00:00,KGH
1371,2019-05-20 00:00:00,KGH
1372,2019-05-20 00:00:00,Mudd Library
1373,2019-05-20 00:00:00,Norris
1374,2019-05-20 00:00:00,Norris
1375,2019-05-20 00:00:00,RAC
1376,2019-05-20 00:00:00,RAC
1377,2019-05-20 00:00:00,RAC
1378,2019-05-20 00:00:00,RAC
1379,2019-05-20 00:00:00,RAC
1380,2019-05-20 00:00:00,RAC
1381,2019-05-20 00:00:00,Segal Visitor Center
1382,2019-05-21 00:00:00,Allen Center
1383,2019-05-21 00:00:00,Allen Center
1384,2019-05-21 00:00:00,Allen Center
1385,2019-05-21 00:00:00,Cook Hall
1386,2019-05-21 00:00:00,Francis Searle
1387,2019-05-21 00:00:00,KGH
1388,2019-05-21 00:00:00,Mudd Library
1389,2019-05-21 00:00:00,RAC
1390,2019-05-21 00:00:00,Regenstein
1391,2019-05-22 00:00:00,KGH
1392,2019-05-22 00:00:00,RAC
1393,2019-05-22 00:00:00,RAC
1394,2019-05-22 00:00:00,Segal Visitor Center
1395,2019-05-23 00:00:00,Allen Center
1396,2019-05-23 00:00:00,Allen Center
1397,2019-05-23 00:00:00,Annenberg Hall
1398,2019-05-23 00:00:00,CUP
1399,2019-05-23 00:00:00,KGH
1400,2019-05-23 00:00:00,KGH
1401,2019-05-23 00:00:00,KGH
1402,2019-05-23 00:00:00,KGH
1403,2019-05-23 00:00:00,KGH
1404,2019-05-23 00:00:00,KGH
1405,2019-05-23 00:00:00,KGH
1406,2019-05-23 00:00:00,KGH
1407,2019-05-23 00:00:00,KGH
1408,2019-05-23 00:00:00,Mudd Library
1409,2019-05-23 00:00:00,Mudd Library
1410,2019-05-23 00:00:00,Mudd Library
1411,2019-05-23 00:00:00,Mudd Library
1412,2019-05-23 00:00:00,Mudd Library
1413,2019-05-23 00:00:00,Mudd Library
1414,2019-05-23 00:00:00,Mudd Library
1415,2019-05-23 00:00:00,Mudd Library
1416,2019-05-23 00:00:00,Norris
1417,2019-05-23 00:00:00,Norris
1418,2019-05-23 00:00:00,RAC
1419,2019-05-23 00:00:00,RAC
1420,2019-05-23 00:00:00,RAC
1421,2019-05-23 00:00:00,RAC
1422,2019-05-23 00:00:00,Ryan Arts Center
1423,2019-05-24 00:00:00,Cook Hall
1424,2019-05-24 00:00:00,CUP
1425,2019-05-24 00:00:00,KGH
1426,2019-05-24 00:00:00,KGH
1427,2019-05-24 00:00:00,KGH
1428,2019-05-24 00:00:00,Norris
1429,2019-05-24 00:00:00,RAC
1430,2019-05-24 00:00:00,RAC
1431,2019-05-24 00:00:00,RAC
1432,2019-05-24 00:00:00,RAC
1433,2019-05-25 00:00:00,Allen Center
1434,2019-05-25 00:00:00,Allen Center
1435,2019-05-25 00:00:00,Allen Center
1436,2019-05-25 00:00:00,Barber Theater
1437,2019-05-25 00:00:00,Barber Theater
1438,2019-05-25 00:00:00,Cook Hall
1439,2019-05-25 00:00:00,Francis Searle
1440,2019-05-25 00:00:00,KGH
1441,2019-05-25 00:00:00,KGH
1442,2019-05-25 00:00:00,McGaw Pavilion
1443,2019-05-25 00:00:00,Mudd Library
1444,2019-05-25 00:00:00,Mudd Library
1445,2019-05-25 00:00:00,Mudd Library
1446,2019-05-25 00:00:00,Mudd Library
1447,2019-05-25 00:00:00,RAC
1448,2019-05-26 00:00:00,KGH
1449,2019-05-26 00:00:00,KGH
1450,2019-05-26 00:00:00,KGH
1451,2019-05-26 00:00:00,Mudd Library
1452,2019-05-26 00:00:00,Mudd Library
1453,2019-05-26 00:00:00,Mudd Library
1454,2019-05-26 00:00:00,Mudd Library
1455,2019-05-26 00:00:00,Mudd Library
1456,2019-05-26 00:00:00,Mudd Library
1457,2019-05-26 00:00:00,Norris
1458,2019-05-26 00:00:00,RAC
1459,2019-05-26 00:00:00,RAC
1460,2019-05-26 00:00:00,RAC
1461,2019-05-27 00:00:00,KGH
1462,2019-05-27 00:00:00,RAC
1463,2019-05-27 00:00:00,RAC
1464,2019-05-27 00:00:00,RAC
1465,2019-05-27 00:00:00,RAC
1466,2019-05-28 00:00:00,Barber Theater
1467,2019-05-28 00:00:00,Cook Hall
1468,2019-05-28 00:00:00,KGH
1469,2019-05-28 00:00:00,KGH
1470,2019-05-28 00:00:00,KGH
1471,2019-05-28 00:00:00,KGH
1472,2019-05-28 00:00:00,Mudd Library
1473,2019-05-28 00:00:00,Norris
1474,2019-05-28 00:00:00,RAC
1475,2019-05-28 00:00:00,RAC
1476,2019-05-28 00:00:00,RAC
1477,2019-05-28 00:00:00,RAC
1478,2019-05-29 00:00:00,CUP
1479,2019-05-29 00:00:00,KGH
1480,2019-05-30 00:00:00,CUP
1481,2019-05-30 00:00:00,KGH
1482,2019-05-30 00:00:00,RAC
1483,2019-05-30 00:00:00,RAC
1484,2019-05-30 00:00:00,Regenstein
1485,2019-06-01 00:00:00,Allen Center
1486,2019-06-01 00:00:00,Norris
1487,2019-06-02 00:00:00,RAC
1488,2019-06-04 00:00:00,Allen Center
1489,2019-06-04 00:00:00,KGH
1490,2019-06-04 00:00:00,RAC
1491,2019-06-05 00:00:00,CUP
1492,2019-06-11 00:00:00,RAC
1493,2019-06-14 00:00:00,Mudd Library
1494,2019-08-04 00:00:00,Mudd Library
1495,2019-08-19 00:00:00,Allen Center
1496,2019-08-19 00:00:00,Mudd Library
1497,2019-08-22 00:00:00,Allen Center
1498,2019-08-22 00:00:00,RAC
1499,2019-08-23 00:00:00,Silverman Hall
1500,2019-08-24 00:00:00,KGH
1501,2019-08-29 00:00:00,Allen Center
1502,2019-08-29 00:00:00,Allen Center
1503,2019-08-29 00:00:00,Allen Center
1504,2019-08-29 00:00:00,Barber Theater
1505,2019-08-29 00:00:00,KGH
1506,2019-08-29 00:00:00,KGH
1507,2019-08-29 00:00:00,Mudd Library
1508,2019-08-29 00:00:00,Mudd Library
1509,2019-08-29 00:00:00,Mudd Library
1510,2019-08-29 00:00:00,Norris
1511,2019-08-30 00:00:00,Allen Center
1512,2019-08-30 00:00:00,Francis Searle
1513,2019-08-30 00:00:00,Francis Searle
1514,2019-08-30 00:00:00,Mudd Library
1515,2019-08-30 00:00:00,Norris
1516,2019-08-30 00:00:00,Pick Stager
1517,2019-08-30 00:00:00,RAC
1518,2019-09-01 00:00:00,Allen Center
1519,2019-09-04 00:00:00,KGH
1520,2019-09-04 00:00:00,Mudd Library
1521,2019-09-05 00:00:00,KGH
1522,2019-09-06 00:00:00,KGH
1523,2019-09-06 00:00:00,KGH
1524,2019-09-06 00:00:00,RAC
1525,2019-09-06 00:00:00,RAC
1526,2019-09-08 00:00:00,Allen Center
1527,2019-09-08 00:00:00,Cook Hall
1528,2019-09-10 00:00:00,Segal Visitor Center
1529,2019-09-11 00:00:00,Barber Theater
1530,2019-09-11 00:00:00,KGH
1531,2019-09-11 00:00:00,KGH
1532,2019-09-11 00:00:00,KGH
1533,2019-09-11 00:00:00,KGH
1534,2019-09-12 00:00:00,KGH
1535,2019-09-12 00:00:00,KGH
1536,2019-09-12 00:00:00,KGH
1537,2019-09-12 00:00:00,KGH
1538,2019-09-12 00:00:00,KGH
1539,2019-09-12 00:00:00,RAC
1540,2019-09-12 00:00:00,RAC
1541,2019-09-14 00:00:00,Allen Center
1542,2019-09-14 00:00:00,betw Ryan and Silverman
1543,2019-09-14 00:00:00,Francis Searle
1544,2019-09-14 00:00:00,Mudd Library
1545,2019-09-14 00:00:00,RAC
1546,2019-09-15 00:00:00,KGH
1547,2019-09-15 00:00:00,Mudd Library
1548,2019-09-15 00:00:00,Norris
1550,2019-09-17 00:00:00,Allen Center
1551,2019-09-17 00:00:00,Cook Hall
1552,2019-09-17 00:00:00,Francis Searle
1553,2019-09-17 00:00:00,KGH
1554,2019-09-17 00:00:00,KGH
1555,2019-09-17 00:00:00,KGH
1556,2019-09-17 00:00:00,Mudd Library
1557,2019-09-17 00:00:00,Ryan Arts Center
1558,2019-09-19 00:00:00,Allen Center
1559,2019-09-19 00:00:00,Silverman Hall
1560,2019-09-20 00:00:00,RAC
1561,2019-09-20 00:00:00,RAC
1562,2019-09-21 00:00:00,Allen Center
1563,2019-09-21 00:00:00,Cook Hall
1564,2019-09-21 00:00:00,KGH
1565,2019-09-21 00:00:00,KGH
1566,2019-09-22 00:00:00,Barber Theater
1567,2019-09-22 00:00:00,Cook Hall
1568,2019-09-22 00:00:00,KGH
1569,2019-09-22 00:00:00,Segal Visitor Center
1570,2019-09-23 00:00:00,KGH
1571,2019-09-23 00:00:00,KGH
1572,2019-09-23 00:00:00,KGH
1573,2019-09-23 00:00:00,KGH
1574,2019-09-23 00:00:00,Mudd Library
1575,2019-09-23 00:00:00,Mudd Library
1576,2019-09-23 00:00:00,RAC
1577,2019-09-24 00:00:00,Allen Center
1578,2019-09-24 00:00:00,Allen Center
1579,2019-09-24 00:00:00,Barber Theater
1580,2019-09-24 00:00:00,KGH
1581,2019-09-24 00:00:00,KGH
1582,2019-09-24 00:00:00,KGH
1583,2019-09-24 00:00:00,KGH
1584,2019-09-24 00:00:00,Mudd Library
1585,2019-09-24 00:00:00,Mudd Library
1586,2019-09-24 00:00:00,RAC
1587,2019-09-24 00:00:00,RAC
1588,2019-09-24 00:00:00,RAC
1589,2019-09-24 00:00:00,RAC
1590,2019-09-24 00:00:00,Silverman Hall
1591,2019-09-24 00:00:00,Silverman Hall
1592,2019-09-25 00:00:00,Francis Searle
1593,2019-09-25 00:00:00,KGH
1594,2019-09-25 00:00:00,Mudd Library
1595,2019-09-25 00:00:00,Mudd Library
1597,2019-09-26 00:00:00,KGH
1598,2019-09-26 00:00:00,KGH
1599,2019-09-26 00:00:00,Mudd Library
1600,2019-09-26 00:00:00,Mudd Library
1601,2019-09-26 00:00:00,Pick Stager
1602,2019-09-26 00:00:00,RAC
1603,2019-09-26 00:00:00,RAC
1604,2019-09-27 00:00:00,Allen Center
1605,2019-09-27 00:00:00,Cook Hall
1606,2019-09-28 00:00:00,Mudd Library
1607,2019-09-29 00:00:00,KGH
1608,2019-09-30 00:00:00,Barber Theater
1609,2019-09-30 00:00:00,KGH
1610,2019-09-30 00:00:00,Ryan Arts Center
1611,2019-10-01 00:00:00,RAC
1612,2019-10-01 00:00:00,RAC
1613,2019-10-02 00:00:00,KGH
1614,2019-10-02 00:00:00,KGH
1615,2019-10-02 00:00:00,KGH
1616,2019-10-02 00:00:00,Mudd Library
1617,2019-10-03 00:00:00,KGH
1618,2019-10-03 00:00:00,KGH
1619,2019-10-04 00:00:00,Cook Hall
1620,2019-10-04 00:00:00,Cook Hall
1621,2019-10-04 00:00:00,KGH
1622,2019-10-04 00:00:00,Mudd Library
1623,2019-10-04 00:00:00,RAC
1624,2019-10-04 00:00:00,RAC
1625,2019-10-04 00:00:00,RAC
1626,2019-10-04 00:00:00,RAC
1627,2019-10-05 00:00:00,Francis Searle
1628,2019-10-05 00:00:00,KGH
1629,2019-10-05 00:00:00,Mudd Library
1630,2019-10-05 00:00:00,south library
1631,2019-10-05 00:00:00,south library
1632,2019-10-06 00:00:00,Allen Center
1633,2019-10-06 00:00:00,KGH
1634,2019-10-06 00:00:00,Norris
1635,2019-10-06 00:00:00,RAC
1636,2019-10-07 00:00:00,KGH
1637,2019-10-07 00:00:00,KGH
1638,2019-10-08 00:00:00,Cook Hall
1639,2019-10-08 00:00:00,Cook Hall
1640,2019-10-08 00:00:00,Cook Hall
1641,2019-10-08 00:00:00,Cook Hall
1642,2019-10-08 00:00:00,Francis Searle
1643,2019-10-08 00:00:00,KGH
1644,2019-10-08 00:00:00,KGH
1645,2019-10-08 00:00:00,KGH
1646,2019-10-08 00:00:00,KGH
1647,2019-10-08 00:00:00,KGH
1648,2019-10-08 00:00:00,KGH
1649,2019-10-08 00:00:00,Lewis Theater
1650,2019-10-08 00:00:00,Mudd Library
1651,2019-10-08 00:00:00,Mudd Library
1652,2019-10-08 00:00:00,Mudd Library
1653,2019-10-08 00:00:00,Mudd Library
1654,2019-10-08 00:00:00,RAC
1655,2019-10-08 00:00:00,RAC
1656,2019-10-09 00:00:00,Cook Hall
1657,2019-10-10 00:00:00,KGH
1658,2019-10-12 00:00:00,Mudd Library
1659,2019-10-12 00:00:00,RAC
1660,2019-10-12 00:00:00,RAC
1661,2019-10-13 00:00:00,Allen Center
1662,2019-10-13 00:00:00,Cook Hall
1663,2019-10-13 00:00:00,RAC
1664,2019-10-14 00:00:00,Barber Theater
1665,2019-10-14 00:00:00,KGH
1666,2019-10-14 00:00:00,Mudd Library
1667,2019-10-14 00:00:00,Mudd Library
1668,2019-10-14 00:00:00,Mudd Library
1669,2019-10-14 00:00:00,Norris
1670,2019-10-14 00:00:00,Norris
1671,2019-10-14 00:00:00,Norris
1672,2019-10-15 00:00:00,Allen Center
1673,2019-10-15 00:00:00,Allen Center
1674,2019-10-15 00:00:00,Allen Center
1675,2019-10-15 00:00:00,Block Museum
1676,2019-10-15 00:00:00,Cook Hall
1677,2019-10-15 00:00:00,Cook Hall
1678,2019-10-15 00:00:00,Cook Hall
1679,2019-10-15 00:00:00,Cook Hall
1680,2019-10-15 00:00:00,KGH
1681,2019-10-15 00:00:00,KGH
1682,2019-10-15 00:00:00,KGH
1683,2019-10-15 00:00:00,KGH
1684,2019-10-15 00:00:00,Mudd Library
1685,2019-10-15 00:00:00,Mudd Library
1686,2019-10-15 00:00:00,RAC
1687,2019-10-15 00:00:00,RAC
1688,2019-10-15 00:00:00,RAC
1689,2019-10-15 00:00:00,RAC
1690,2019-10-15 00:00:00,RAC
1691,2019-10-15 00:00:00,Regenstein
1692,2019-10-16 00:00:00,Cook Hall
1693,2019-10-16 00:00:00,KGH
1694,2019-10-16 00:00:00,KGH
1695,2019-10-16 00:00:00,KGH
1696,2019-10-16 00:00:00,KGH
1697,2019-10-16 00:00:00,KGH
1698,2019-10-16 00:00:00,Segal Visitor Center
1699,2019-10-17 00:00:00,KGH
1700,2019-10-17 00:00:00,Norris
1701,2019-10-17 00:00:00,RAC
1702,2019-10-18 00:00:00,Allen Center
1703,2019-10-20 00:00:00,Cook Hall
1704,2019-10-20 00:00:00,RAC
1705,2019-10-22 00:00:00,Allen Center
1706,2019-10-22 00:00:00,KGH
1707,2019-10-22 00:00:00,KGH
1708,2019-10-22 00:00:00,Mudd Library
1709,2019-10-22 00:00:00,Norris
1710,2019-10-23 00:00:00,Block Museum
1711,2019-10-23 00:00:00,KGH
1712,2019-10-24 00:00:00,KGH
1713,2019-10-24 00:00:00,KGH
1714,2019-10-24 00:00:00,Mudd Library
1715,2019-10-24 00:00:00,Ryan Arts Center
1716,2019-10-24 00:00:00,Sailing Center
1717,2019-10-25 00:00:00,CUP
1718,2019-10-25 00:00:00,KGH
1719,2019-10-25 00:00:00,KGH
1720,2019-10-25 00:00:00,KGH
1721,2019-10-25 00:00:00,Norris
1722,2019-10-25 00:00:00,Norris
1723,2019-10-25 00:00:00,Sailing Center
1724,2019-10-25 00:00:00,Segal Visitor Center
1725,2019-10-25 00:00:00,Segal Visitor Center
1726,2019-10-25 00:00:00,Segal Visitor Center
1727,2019-10-26 00:00:00,Allen Center
1728,2019-10-26 00:00:00,Allen Center
1729,2019-10-26 00:00:00,KGH
1730,2019-10-26 00:00:00,KGH
1731,2019-10-26 00:00:00,Mudd Library
1732,2019-10-27 00:00:00,Cook-Pancoe bridge
1733,2019-10-27 00:00:00,Cook-Pancoe bridge
1734,2019-10-27 00:00:00,KGH
1735,2019-10-28 00:00:00,Allen Center
1736,2019-10-28 00:00:00,KGH
1737,2019-10-28 00:00:00,KGH
1738,2019-10-28 00:00:00,Mudd Library
1739,2019-10-28 00:00:00,Mudd Library
1740,2019-10-28 00:00:00,Mudd Library
1741,2019-10-28 00:00:00,RAC
1742,2019-10-28 00:00:00,RAC
1743,2019-10-29 00:00:00,KGH
1744,2019-10-29 00:00:00,KGH
1745,2019-10-29 00:00:00,Mudd Library
1746,2019-11-01 00:00:00,KGH
1747,2019-11-02 00:00:00,RAC
1748,2019-11-02 00:00:00,Silverman Hall
1749,2019-11-03 00:00:00,KGH
1750,2019-11-03 00:00:00,KGH
1751,2019-11-05 00:00:00,Allen Center
1752,2019-11-05 00:00:00,KGH
1753,2019-11-05 00:00:00,KGH
1754,2019-11-05 00:00:00,Sailing Center
1755,2019-11-07 00:00:00,Segal Visitor Center
1756,2019-11-19 00:00:00,KGH
1757,2019-11-20 00:00:00,Block Museum
1758,2020-03-20 00:00:00,KGH
1759,2020-03-20 00:00:00,KGH
1760,2020-03-20 00:00:00,KGH
1761,2020-03-20 00:00:00,Ryan Arts Center
1762,2020-03-26 00:00:00,KGH
1763,2020-03-26 00:00:00,Ryan Arts Center
1764,2020-03-29 00:00:00,CUP
1765,2020-03-29 00:00:00,Mudd Library
1766,2020-04-02 00:00:00,KGH
1767,2020-04-04 00:00:00,KGH
1768,2020-04-04 00:00:00,KGH
1769,2020-04-04 00:00:00,KGH
1770,2020-04-04 00:00:00,Ryan Arts Center
1771,2020-04-12 00:00:00,Barber Theater
1772,2020-04-12 00:00:00,RAC
1773,2020-04-12 00:00:00,RAC
1774,2020-04-18 00:00:00,Barber Theater
1775,2020-04-19 00:00:00,CUP
1776,2020-04-19 00:00:00,KGH
1777,2020-04-19 00:00:00,KGH
1778,2020-04-20 00:00:00,KGH
1779,2020-04-28 00:00:00,KGH
1780,2020-05-01 00:00:00,KGH
1781,2020-05-01 00:00:00,KGH
1782,2020-05-01 00:00:00,Lewis Theater
1783,2020-05-01 00:00:00,Lewis Theater
1784,2020-05-02 00:00:00,CUP
1785,2020-05-02 00:00:00,KGH
1786,2020-05-02 00:00:00,KGH
1787,2020-05-02 00:00:00,KGH
1788,2020-05-02 00:00:00,KGH
1789,2020-05-02 00:00:00,Mudd Library
1790,2020-05-02 00:00:00,RAC
1791,2020-05-02 00:00:00,RAC
1792,2020-05-02 00:00:00,RAC
1793,2020-05-02 00:00:00,RAC
1794,2020-05-02 00:00:00,RAC
1795,2020-05-02 00:00:00,RAC
1796,2020-05-02 00:00:00,RAC
1797,2020-05-02 00:00:00,RAC
1798,2020-05-02 00:00:00,RAC
1799,2020-05-06 00:00:00,Lewis Theater
1800,2020-05-08 00:00:00,KGH
1801,2020-05-08 00:00:00,Marshall Dance Center
1802,2020-05-08 00:00:00,Norris
1803,2020-05-11 00:00:00,Pick Stager
1804,2020-05-13 00:00:00,Allen Center
1805,2020-05-13 00:00:00,Allen Center
1806,2020-05-13 00:00:00,Allen Center
1807,2020-05-13 00:00:00,KGH
1808,2020-05-13 00:00:00,KGH
1809,2020-05-13 00:00:00,KGH
1810,2020-05-13 00:00:00,RAC
1811,2020-05-13 00:00:00,Ryan Arts Center
1812,2020-05-15 00:00:00,Allen Center
1813,2020-05-15 00:00:00,Allen Center
1814,2020-05-15 00:00:00,Allen Center
1815,2020-05-15 00:00:00,Barber Theater
1816,2020-05-15 00:00:00,Block Museum
1817,2020-05-15 00:00:00,KGH
1818,2020-05-15 00:00:00,KGH
1819,2020-05-15 00:00:00,KGH
1820,2020-05-15 00:00:00,KGH
1821,2020-05-15 00:00:00,KGH
1822,2020-05-15 00:00:00,KGH
1823,2020-05-15 00:00:00,KGH
1824,2020-05-15 00:00:00,Mudd Library
1825,2020-05-15 00:00:00,Mudd Library
1826,2020-05-15 00:00:00,Mudd Library
1827,2020-05-15 00:00:00,Mudd Library
1828,2020-05-15 00:00:00,Pick Stager
1829,2020-05-15 00:00:00,RAC
1830,2020-05-15 00:00:00,Segal Visitor Center
1831,2020-05-16 00:00:00,Allen Center
1832,2020-05-16 00:00:00,Lewis Theater
1833,2020-05-16 00:00:00,Mudd Library
1834,2020-05-19 00:00:00,Segal Visitor Center
1835,2020-05-19 00:00:00,Segal Visitor Center
1836,2020-05-20 00:00:00,Allen Center
1837,2020-05-20 00:00:00,Allen Center
1838,2020-05-20 00:00:00,KGH
1839,2020-05-20 00:00:00,KGH
1840,2020-05-20 00:00:00,KGH
1841,2020-05-22 00:00:00,Allen Center
1842,2020-05-22 00:00:00,Barber Theater
1843,2020-05-22 00:00:00,KGH
1844,2020-05-22 00:00:00,RAC
1845,2020-05-22 00:00:00,RAC
1846,2020-05-22 00:00:00,RAC
1847,2020-05-23 00:00:00,Block Museum
1848,2020-05-24 00:00:00,Mudd Library
1849,2020-05-24 00:00:00,Norris
1850,2020-05-24 00:00:00,RAC
1851,2020-05-28 00:00:00,Mudd Library
1852,2020-05-28 00:00:00,Mudd Library
1853,2020-05-28 00:00:00,Norris
1854,2020-05-29 00:00:00,Barber Theater
1855,2020-05-31 00:00:00,Segal Visitor Center
1856,2020-06-03 00:00:00,Allen Center
1857,2020-06-04 00:00:00,Allen Center
1858,2020-06-04 00:00:00,RAC
1859,2020-06-07 00:00:00,KGH
1860,2020-08-29 00:00:00,KGH
1861,2020-08-29 00:00:00,KGH
1862,2020-08-29 00:00:00,KGH
1863,2020-08-30 00:00:00,RAC
1864,2020-09-02 00:00:00,Mudd Library
1865,2020-09-03 00:00:00,Ryan Arts Center
1866,2020-09-04 00:00:00,Cook Hall
1867,2020-09-04 00:00:00,KGH
1868,2020-09-04 00:00:00,KGH
1869,2020-09-04 00:00:00,KGH
1870,2020-09-04 00:00:00,KGH
1871,2020-09-04 00:00:00,KGH
1872,2020-09-04 00:00:00,Mudd Library
1873,2020-09-04 00:00:00,Mudd Library
1874,2020-09-04 00:00:00,Mudd Library
1875,2020-09-04 00:00:00,Pancoe-Cook bridge
1876,2020-09-04 00:00:00,RAC
1877,2020-09-04 00:00:00,RAC
1878,2020-09-04 00:00:00,RAC
1879,2020-09-04 00:00:00,RAC
1880,2020-09-04 00:00:00,RAC
1881,2020-09-05 00:00:00,KGH
1882,2020-09-05 00:00:00,Mudd Library
1883,2020-09-05 00:00:00,Mudd Library
1884,2020-09-05 00:00:00,Mudd Library
1885,2020-09-05 00:00:00,Mudd Library
1886,2020-09-05 00:00:00,RAC
1887,2020-09-05 00:00:00,RAC
1888,2020-09-05 00:00:00,Ryan Arts Center
1889,2020-09-07 00:00:00,Allen Center
1890,2020-09-07 00:00:00,KGH
1891,2020-09-07 00:00:00,Mudd Library
1892,2020-09-07 00:00:00,Norris
1893,2020-09-07 00:00:00,RAC
1894,2020-09-11 00:00:00,Barber Theater
1895,2020-09-11 00:00:00,Barber Theater
1896,2020-09-13 00:00:00,Barber Theater
1897,2020-09-13 00:00:00,Mudd Library
1898,2020-09-14 00:00:00,Allen Center
1899,2020-09-14 00:00:00,RAC
1900,2020-09-14 00:00:00,RAC
1901,2020-09-16 00:00:00,Cook Hall
1902,2020-09-16 00:00:00,Cook Hall
1903,2020-09-16 00:00:00,Cook Hall
1904,2020-09-16 00:00:00,KGH
1905,2020-09-16 00:00:00,RAC
1906,2020-09-17 00:00:00,Annenberg Hall
1907,2020-09-17 00:00:00,Mudd Library
1908,2020-09-17 00:00:00,RAC
1909,2020-09-18 00:00:00,Pancoe-Cook bridge
1910,2020-09-18 00:00:00,Sailing Center
1911,2020-09-23 00:00:00,KGH
1912,2020-09-23 00:00:00,Mudd Library
1913,2020-09-23 00:00:00,Mudd Library
1914,2020-09-24 00:00:00,Barber Theater
1915,2020-09-24 00:00:00,Barber Theater
1916,2020-09-24 00:00:00,KGH
1917,2020-09-24 00:00:00,KGH
1918,2020-09-24 00:00:00,KGH
1919,2020-09-24 00:00:00,Mudd Library
1920,2020-09-24 00:00:00,Mudd Library
1921,2020-09-24 00:00:00,Norris
1922,2020-09-24 00:00:00,RAC
1923,2020-09-24 00:00:00,RAC
1924,2020-09-24 00:00:00,Ryan Arts Center
1925,2020-09-25 00:00:00,KGH
1926,2020-09-25 00:00:00,Mudd Library
1927,2020-09-25 00:00:00,Mudd Library
1928,2020-09-25 00:00:00,Pick Stager
1929,2020-09-25 00:00:00,RAC
1930,2020-09-25 00:00:00,RAC
1931,2020-09-26 00:00:00,Mudd Library
1932,2020-09-28 00:00:00,Cook Hall
1933,2020-09-28 00:00:00,Pancoe-Cook bridge
1934,2020-09-28 00:00:00,RAC
1935,2020-09-29 00:00:00,Barber Theater
1936,2020-09-29 00:00:00,Barber Theater
1937,2020-09-29 00:00:00,Barber Theater
1938,2020-09-29 00:00:00,Barber Theater
1939,2020-09-29 00:00:00,Mudd Library
1940,2020-09-29 00:00:00,Mudd Library
1941,2020-09-29 00:00:00,Mudd Library
1942,2020-09-29 00:00:00,Mudd Library
1943,2020-09-29 00:00:00,Mudd Library
1944,2020-09-29 00:00:00,Mudd Library
1945,2020-09-29 00:00:00,Mudd Library
1946,2020-09-29 00:00:00,RAC
1947,2020-09-30 00:00:00,Allen Center
1948,2020-09-30 00:00:00,Mudd Library
1949,2020-09-30 00:00:00,RAC
1950,2020-09-30 00:00:00,Ryan Arts Center
1951,2020-10-01 00:00:00,Allen Center
1952,2020-10-01 00:00:00,Allen Center
1953,2020-10-01 00:00:00,Mudd Library
1954,2020-10-01 00:00:00,Mudd Library
1955,2020-10-01 00:00:00,RAC
1956,2020-10-02 00:00:00,CUP
1957,2020-10-02 00:00:00,KGH
1958,2020-10-02 00:00:00,KGH
1959,2020-10-02 00:00:00,KGH
1960,2020-10-02 00:00:00,KGH
1961,2020-10-02 00:00:00,KGH
1962,2020-10-02 00:00:00,Mudd Library
1963,2020-10-02 00:00:00,Mudd Library
1964,2020-10-02 00:00:00,Norris
1965,2020-10-02 00:00:00,Pancoe-Cook bridge
1966,2020-10-02 00:00:00,Pancoe-Cook bridge
1967,2020-10-02 00:00:00,RAC
1968,2020-10-02 00:00:00,RAC
1969,2020-10-02 00:00:00,Sailing Center
1970,2020-10-03 00:00:00,Allen Center
1971,2020-10-03 00:00:00,RAC
1972,2020-10-04 00:00:00,Allen Center
1973,2020-10-04 00:00:00,Annenberg Hall
1974,2020-10-04 00:00:00,Library 
1975,2020-10-05 00:00:00,KGH
1976,2020-10-05 00:00:00,KGH
1977,2020-10-06 00:00:00,KGH
1978,2020-10-06 00:00:00,KGH
1979,2020-10-07 00:00:00,Cook Hall
1980,2020-10-07 00:00:00,Mudd Library
1981,2020-10-07 00:00:00,RAC
1982,2020-10-08 00:00:00,Allen Center
1983,2020-10-08 00:00:00,Annenberg Hall
1984,2020-10-08 00:00:00,Mudd Library
1985,2020-10-08 00:00:00,Norris
1986,2020-10-08 00:00:00,Ryan Arts Center
1987,2020-10-09 00:00:00,Allen Center
1988,2020-10-09 00:00:00,Cook Hall
1989,2020-10-09 00:00:00,KGH
1990,2020-10-09 00:00:00,Mudd Library
1991,2020-10-11 00:00:00,KGH
1992,2020-10-11 00:00:00,Pick Stager
1993,2020-10-12 00:00:00,Mudd Library
1994,2020-10-14 00:00:00,Barber Theater
1995,2020-10-14 00:00:00,KGH
1996,2020-10-14 00:00:00,Mudd Library
1997,2020-10-14 00:00:00,Ryan Arts Center
1998,2020-10-14 00:00:00,Sailing Center
1999,2020-10-16 00:00:00,Allen Center
2000,2020-10-16 00:00:00,Allen Center
2001,2020-10-16 00:00:00,KGH
2002,2020-10-16 00:00:00,Mudd Library
2003,2020-10-16 00:00:00,Mudd Library
2004,2020-10-19 00:00:00,Allen Center
2005,2020-10-19 00:00:00,KGH
2006,2020-10-19 00:00:00,Mudd Library
2007,2020-10-19 00:00:00,RAC
2008,2020-10-19 00:00:00,RAC
2009,2020-10-20 00:00:00,Block Museum
2010,2020-10-21 00:00:00,RAC
2011,2020-10-22 00:00:00,Allen Center
2012,2020-10-24 00:00:00,Allen Center
2013,2020-10-24 00:00:00,Barber Theater
2014,2020-10-24 00:00:00,KGH
2015,2020-10-24 00:00:00,KGH
2016,2020-10-25 00:00:00,Pancoe-Cook bridge
2017,2020-10-26 00:00:00,Allen Center
2018,2020-10-26 00:00:00,Mudd Library
2019,2020-10-26 00:00:00,Mudd Library
2020,2020-10-29 00:00:00,KGH
2021,2020-10-29 00:00:00,RAC
2022,2020-10-29 00:00:00,Segal Visitor Center
2023,2020-10-30 00:00:00,Allen Center
2024,2020-10-30 00:00:00,Mudd Library
2025,2020-10-30 00:00:00,Pick Stager
2026,2020-10-30 00:00:00,Sailing Center
2027,2020-11-03 00:00:00,Barber Theater
2028,2020-11-03 00:00:00,Mudd Library
2029,2020-11-05 00:00:00,Mudd Library
2030,2020-11-06 00:00:00,Block Museum
2031,2020-11-06 00:00:00,RAC
2032,2020-11-06 00:00:00,RAC
2033,2020-11-07 00:00:00,Segal Visitor Center
2034,2020-11-09 00:00:00,RAC
2035,2020-11-09 00:00:00,Silverman-Pancoe
2036,2020-11-10 00:00:00,Ryan Arts Center
2037,2020-11-10 00:00:00,Ryan Arts Center
2038,2020-11-13 00:00:00,Mudd Library
2039,2021-03-24 00:00:00,KGH
2040,2021-03-24 00:00:00,RAC
2041,2021-03-24 00:00:00,RAC
2042,2021-03-27 00:00:00,Pick Stager
2043,2021-03-28 00:00:00,Allen Center
2044,2021-03-30 00:00:00,RAC
2045,2021-04-01 00:00:00,KGH
2046,2021-04-01 00:00:00,Ryan Arts Center
2047,2021-04-02 00:00:00,Allen Center
2048,2021-04-02 00:00:00,KGH
2049,2021-04-02 00:00:00,Norris
2050,2021-04-02 00:00:00,Pancoe-Cook bridge
2051,2021-04-05 00:00:00,KGH
2052,2021-04-07 00:00:00,KGH
2053,2021-04-07 00:00:00,KGH
2054,2021-04-07 00:00:00,Mudd Library
2055,2021-04-07 00:00:00,RAC
2056,2021-04-08 00:00:00,RAC
2057,2021-04-09 00:00:00,KGH
2058,2021-04-09 00:00:00,KGH
2059,2021-04-09 00:00:00,RAC
2060,2021-04-10 00:00:00,Mudd Library
2061,2021-04-15 00:00:00,RAC
2062,2021-04-18 00:00:00,Allen Center
2063,2021-04-18 00:00:00,Allen Center
2064,2021-04-19 00:00:00,Mudd Library
2065,2021-04-20 00:00:00,KGH
2066,2021-04-20 00:00:00,RAC
2067,2021-04-21 00:00:00,KGH
2068,2021-04-23 00:00:00,Allen Center
2069,2021-04-23 00:00:00,KGH
2070,2021-04-23 00:00:00,KGH
2071,2021-04-23 00:00:00,KGH
2072,2021-04-23 00:00:00,KGH
2073,2021-04-23 00:00:00,Mudd Library
2074,2021-04-23 00:00:00,RAC
2075,2021-04-23 00:00:00,RAC
2076,2021-04-23 00:00:00,RAC
2077,2021-04-24 00:00:00,Allen Center
2078,2021-04-24 00:00:00,Mudd Library
2079,2021-04-27 00:00:00,Allen Center
2080,2021-04-27 00:00:00,Allen Center
2081,2021-04-27 00:00:00,Allen Center
2082,2021-04-27 00:00:00,Cook Hall
2083,2021-04-27 00:00:00,KGH
2084,2021-04-27 00:00:00,KGH
2085,2021-04-27 00:00:00,KGH
2086,2021-04-27 00:00:00,KGH
2087,2021-04-27 00:00:00,Mudd Library
2088,2021-04-27 00:00:00,Mudd Library
2089,2021-04-27 00:00:00,RAC
2090,2021-04-27 00:00:00,RAC
2091,2021-04-27 00:00:00,RAC
2092,2021-04-27 00:00:00,RAC
2093,2021-04-29 00:00:00,Ryan Arts Center
2094,2021-04-29 00:00:00,Silverman Hall
2095,2021-04-30 00:00:00,KGH
2096,2021-04-30 00:00:00,Mudd Library
2097,2021-05-02 00:00:00,Allen Center
2098,2021-05-02 00:00:00,Allen Center
2099,2021-05-02 00:00:00,Allen Center
2100,2021-05-02 00:00:00,Allen Center
2101,2021-05-02 00:00:00,Block Museum
2102,2021-05-02 00:00:00,CUP
2103,2021-05-02 00:00:00,Francis Searle
2104,2021-05-02 00:00:00,KGH
2105,2021-05-02 00:00:00,KGH
2106,2021-05-02 00:00:00,KGH
2107,2021-05-02 00:00:00,Mudd Library
2108,2021-05-02 00:00:00,Mudd Library
2109,2021-05-02 00:00:00,Mudd Library
2110,2021-05-02 00:00:00,Mudd Library
2111,2021-05-02 00:00:00,Mudd Library
2112,2021-05-02 00:00:00,Mudd Library
2113,2021-05-02 00:00:00,Mudd Library
2114,2021-05-02 00:00:00,Mudd Library
2115,2021-05-02 00:00:00,Mudd Library
2116,2021-05-02 00:00:00,RAC
2117,2021-05-02 00:00:00,RAC
2118,2021-05-02 00:00:00,RAC
2119,2021-05-02 00:00:00,RAC
2120,2021-05-02 00:00:00,RAC
2121,2021-05-02 00:00:00,RAC
2122,2021-05-02 00:00:00,RAC
2123,2021-05-02 00:00:00,RAC
2124,2021-05-02 00:00:00,RAC
2125,2021-05-02 00:00:00,RAC
2126,2021-05-02 00:00:00,RAC
2127,2021-05-02 00:00:00,RAC
2128,2021-05-02 00:00:00,RAC
2129,2021-05-02 00:00:00,RAC
2130,2021-05-02 00:00:00,RAC
2131,2021-05-03 00:00:00,KGH
2132,2021-05-03 00:00:00,KGH
2133,2021-05-03 00:00:00,KGH
2134,2021-05-03 00:00:00,KGH
2135,2021-05-03 00:00:00,KGH
2136,2021-05-03 00:00:00,KGH
2137,2021-05-03 00:00:00,Mudd Library
2138,2021-05-03 00:00:00,RAC
2139,2021-05-03 00:00:00,RAC
2140,2021-05-03 00:00:00,RAC
2141,2021-05-03 00:00:00,RAC
2142,2021-05-04 00:00:00,Allen Center
2143,2021-05-04 00:00:00,Norris
2144,2021-05-06 00:00:00,KGH
2145,2021-05-07 00:00:00,Barber Theater
2146,2021-05-07 00:00:00,KGH
2147,2021-05-07 00:00:00,Ryan Arts Center
2148,2021-05-10 00:00:00,KGH
2149,2021-05-11 00:00:00,Annenberg Hall
2150,2021-05-11 00:00:00,Library 
2151,2021-05-12 00:00:00,RAC
2152,2021-05-13 00:00:00,KGH
2153,2021-05-13 00:00:00,Lewis Theater
2154,2021-05-13 00:00:00,Mudd Library
2155,2021-05-14 00:00:00,Allen Center
2156,2021-05-14 00:00:00,KGH
2157,2021-05-14 00:00:00,KGH
2158,2021-05-14 00:00:00,KGH
2159,2021-05-14 00:00:00,KGH
2160,2021-05-14 00:00:00,KGH
2161,2021-05-14 00:00:00,KGH
2162,2021-05-14 00:00:00,KGH
2163,2021-05-14 00:00:00,KGH
2164,2021-05-14 00:00:00,KGH
2165,2021-05-14 00:00:00,KGH
2166,2021-05-14 00:00:00,KGH
2167,2021-05-14 00:00:00,KGH
2168,2021-05-14 00:00:00,KGH
2169,2021-05-14 00:00:00,KGH
2170,2021-05-14 00:00:00,KGH
2171,2021-05-14 00:00:00,KGH
2172,2021-05-14 00:00:00,KGH
2173,2021-05-14 00:00:00,KGH
2174,2021-05-14 00:00:00,KGH
2175,2021-05-14 00:00:00,KGH
2176,2021-05-14 00:00:00,Mudd Library
2177,2021-05-14 00:00:00,Mudd Library
2178,2021-05-14 00:00:00,Northwestern Campus
2179,2021-05-14 00:00:00,Pancoe-Cook bridge
2180,2021-05-14 00:00:00,RAC
2181,2021-05-14 00:00:00,RAC
2182,2021-05-14 00:00:00,RAC
2183,2021-05-14 00:00:00,RAC
2184,2021-05-15 00:00:00,Allen Center
2185,2021-05-15 00:00:00,KGH
2186,2021-05-15 00:00:00,KGH
2187,2021-05-15 00:00:00,Mudd Library
2188,2021-05-15 00:00:00,Mudd Library
2189,2021-05-15 00:00:00,Northwestern Campus
2190,2021-05-15 00:00:00,RAC
2191,2021-05-15 00:00:00,RAC
2192,2021-05-15 00:00:00,RAC
2193,2021-05-15 00:00:00,RAC
2194,2021-05-15 00:00:00,RAC
2195,2021-05-16 00:00:00,Allen Center
2196,2021-05-16 00:00:00,Allen Center
2197,2021-05-16 00:00:00,Barber Theater
2198,2021-05-16 00:00:00,Cook Hall
2199,2021-05-16 00:00:00,Cook Hall
2200,2021-05-16 00:00:00,Francis Searle
2201,2021-05-16 00:00:00,Mudd Library
2202,2021-05-16 00:00:00,RAC
2203,2021-05-16 00:00:00,RAC
2204,2021-05-16 00:00:00,RAC
2205,2021-05-16 00:00:00,RAC
2206,2021-05-16 00:00:00,RAC
2207,2021-05-17 00:00:00,Allen Center
2208,2021-05-17 00:00:00,Allen Center
2209,2021-05-18 00:00:00,Allen Center
2210,2021-05-18 00:00:00,Francis Searle
2211,2021-05-18 00:00:00,KGH
2212,2021-05-18 00:00:00,KGH
2213,2021-05-18 00:00:00,Pancoe-Cook bridge
2214,2021-05-19 00:00:00,KGH
2215,2021-05-19 00:00:00,KGH
2216,2021-05-19 00:00:00,Mudd Library
2217,2021-05-19 00:00:00,RAC
2218,2021-05-19 00:00:00,RAC
2219,2021-05-19 00:00:00,RAC
2220,2021-05-20 00:00:00,Allen Center
2221,2021-05-20 00:00:00,KGH
2222,2021-05-20 00:00:00,Mudd Library
2223,2021-05-20 00:00:00,Mudd Library
2224,2021-05-20 00:00:00,Mudd Library
2225,2021-05-20 00:00:00,Mudd Library
2226,2021-05-20 00:00:00,RAC
2227,2021-05-20 00:00:00,Segal Visitor Center
2228,2021-05-21 00:00:00,Allen Center
2229,2021-05-21 00:00:00,Allen Center
2230,2021-05-21 00:00:00,Francis Searle
2231,2021-05-21 00:00:00,Francis Searle
2232,2021-05-21 00:00:00,KGH
2233,2021-05-21 00:00:00,KGH
2234,2021-05-21 00:00:00,KGH
2235,2021-05-21 00:00:00,Mudd Library
2236,2021-05-21 00:00:00,Mudd Library
2237,2021-05-21 00:00:00,Mudd Library
2238,2021-05-21 00:00:00,Norris
2239,2021-05-24 00:00:00,Allen Center
2240,2021-05-24 00:00:00,Allen Center
2241,2021-05-24 00:00:00,RAC
2242,2021-05-24 00:00:00,RAC
2243,2021-05-25 00:00:00,Allen Center
2244,2021-05-25 00:00:00,Allen Center
2245,2021-05-25 00:00:00,Allen Center
2246,2021-05-25 00:00:00,KGH
2247,2021-05-25 00:00:00,KGH
2248,2021-05-25 00:00:00,KGH
2249,2021-05-25 00:00:00,KGH
2250,2021-05-25 00:00:00,KGH
2251,2021-05-25 00:00:00,KGH
2252,2021-05-25 00:00:00,KGH
2253,2021-05-25 00:00:00,Norris
2254,2021-05-25 00:00:00,Northwestern Campus
2255,2021-05-25 00:00:00,Pancoe-Cook bridge
2256,2021-05-25 00:00:00,RAC
2257,2021-05-25 00:00:00,RAC
2258,2021-05-25 00:00:00,RAC
2259,2021-05-25 00:00:00,RAC
2260,2021-05-25 00:00:00,Ryan Arts Center
2261,2021-05-26 00:00:00,CUP
2262,2021-05-26 00:00:00,KGH
2263,2021-05-26 00:00:00,KGH
2264,2021-05-26 00:00:00,Mudd Library
2265,2021-05-27 00:00:00,Mudd Library
2266,2021-05-31 00:00:00,Barber Theater
2267,2021-05-31 00:00:00,KGH
2268,2021-05-31 00:00:00,Mudd Library
2269,2021-05-31 00:00:00,RAC
2270,2021-06-01 00:00:00,Francis Searle
2271,2021-06-01 00:00:00,KGH
2272,2021-06-01 00:00:00,KGH
2273,2021-06-01 00:00:00,KGH
2274,2021-06-01 00:00:00,Mudd Library
2275,2021-06-03 00:00:00,Ryan Arts Center
2276,2021-06-04 00:00:00,Cook Hall
2277,2021-06-04 00:00:00,Cook Hall
2278,2021-06-04 00:00:00,KGH
2279,2021-06-04 00:00:00,Mudd Library
2280,2021-06-04 00:00:00,Mudd Library
2281,2021-06-04 00:00:00,Mudd Library
2282,2021-06-04 00:00:00,Pick Stager
2283,2021-06-04 00:00:00,RAC
2284,2021-06-04 00:00:00,RAC
2285,2021-06-04 00:00:00,RAC
2286,2021-06-04 00:00:00,RAC
2287,2021-06-04 00:00:00,Ryan Arts Center
2288,2021-06-06 00:00:00,KGH
2289,2021-06-06 00:00:00,KGH
2290,2021-06-06 00:00:00,Mudd Library
2291,2021-06-06 00:00:00,Pancoe-Cook bridge
2292,2021-06-06 00:00:00,RAC
2293,2021-06-07 00:00:00,KGH
2294,2021-06-07 00:00:00,RAC
2295,2021-06-08 00:00:00,Allen Center
2296,2021-06-08 00:00:00,KGH
2297,2021-06-09 00:00:00,Allen Center
2298,2021-06-10 00:00:00,RAC
2299,2021-06-11 00:00:00,KGH
2300,2021-06-11 00:00:00,Mudd Library
2301,2021-06-14 00:00:00,KGH
2302,2021-06-18 00:00:00,KGH
2303,2021-08-27 00:00:00,Barber Theater
2304,2021-08-30 00:00:00,KGH
2305,2021-08-30 00:00:00,KGH
2306,2021-08-30 00:00:00,RAC
2307,2021-09-05 00:00:00,Barber Theater
2308,2021-09-05 00:00:00,Block Museum
2309,2021-09-05 00:00:00,KGH
2310,2021-09-05 00:00:00,KGH
2311,2021-09-05 00:00:00,KGH
2312,2021-09-06 00:00:00,KGH
2313,2021-09-06 00:00:00,KGH
2314,2021-09-06 00:00:00,Mudd Library
2315,2021-09-06 00:00:00,Mudd Library
2316,2021-09-08 00:00:00,Mudd Library
2317,2021-09-08 00:00:00,Mudd Library
2318,2021-09-08 00:00:00,RAC
2319,2021-09-09 00:00:00,Cook Hall
2320,2021-09-09 00:00:00,Cook Hall
2321,2021-09-09 00:00:00,Cook Hall
2322,2021-09-09 00:00:00,KGH
2323,2021-09-09 00:00:00,Kresge/Crowe
2324,2021-09-09 00:00:00,Kresge/Crowe
2325,2021-09-09 00:00:00,Kresge/Crowe
2326,2021-09-09 00:00:00,Kresge/Crowe
2327,2021-09-09 00:00:00,Kresge/Crowe
2328,2021-09-09 00:00:00,Mudd Library
2329,2021-09-10 00:00:00,Allen Center
2330,2021-09-10 00:00:00,Allen Center
2331,2021-09-10 00:00:00,Allen Center
2332,2021-09-10 00:00:00,Cook Hall
2333,2021-09-10 00:00:00,Pancoe-Cook bridge
2334,2021-09-10 00:00:00,Pancoe-Cook bridge
2335,2021-09-10 00:00:00,Pancoe-Cook bridge
2336,2021-09-10 00:00:00,Pancoe-Cook bridge
2337,2021-09-10 00:00:00,RAC
2338,2021-09-10 00:00:00,RAC
2339,2021-09-10 00:00:00,RAC
2340,2021-09-10 00:00:00,Ryan Arts Center
2341,2021-09-13 00:00:00,Allen Center
2342,2021-09-13 00:00:00,Allen Center
2343,2021-09-13 00:00:00,Allen Center
2344,2021-09-13 00:00:00,Allen Center
2345,2021-09-13 00:00:00,Cook Hall
2346,2021-09-13 00:00:00,KGH
2347,2021-09-13 00:00:00,KGH
2348,2021-09-13 00:00:00,KGH
2349,2021-09-13 00:00:00,KGH
2350,2021-09-13 00:00:00,KGH
2351,2021-09-13 00:00:00,KGH
2352,2021-09-13 00:00:00,KGH
2353,2021-09-13 00:00:00,KGH
2354,2021-09-13 00:00:00,Norris
2355,2021-09-13 00:00:00,Ryan Arts Center
2356,2021-09-15 00:00:00,Barber Theater
2357,2021-09-15 00:00:00,KGH
2358,2021-09-15 00:00:00,RAC
2359,2021-09-19 00:00:00,Barber Theater
2360,2021-09-20 00:00:00,RAC
2361,2021-09-22 00:00:00,Barber Theater
2362,2021-09-23 00:00:00,Allen Center
2363,2021-09-23 00:00:00,Barber Theater
2364,2021-09-23 00:00:00,KGH
2365,2021-09-23 00:00:00,KGH
2366,2021-09-23 00:00:00,KGH
2367,2021-09-23 00:00:00,KGH
2368,2021-09-23 00:00:00,KGH
2369,2021-09-23 00:00:00,KGH
2370,2021-09-23 00:00:00,RAC
2371,2021-09-23 00:00:00,RAC
2372,2021-09-24 00:00:00,Block Museum
2373,2021-09-24 00:00:00,Cook Hall
2374,2021-09-24 00:00:00,KGH
2375,2021-09-24 00:00:00,KGH
2376,2021-09-24 00:00:00,Mudd Library
2377,2021-09-24 00:00:00,Mudd Library
2378,2021-09-24 00:00:00,RAC
2379,2021-09-24 00:00:00,RAC
2380,2021-09-24 00:00:00,Ryan Arts Center
2381,2021-09-25 00:00:00,Allen Center
2382,2021-09-25 00:00:00,Allen Center
2383,2021-09-25 00:00:00,Allen Center
2384,2021-09-25 00:00:00,KGH
2385,2021-09-25 00:00:00,Mudd Library
2386,2021-09-25 00:00:00,Sailing Center
2387,2021-09-26 00:00:00,Silverman Hall
2388,2021-09-30 00:00:00,Segal Visitor Center
2389,2021-10-01 00:00:00,Allen Center
2390,2021-10-01 00:00:00,Cook Hall
2391,2021-10-01 00:00:00,Mudd Library
2392,2021-10-01 00:00:00,Mudd Library
2393,2021-10-01 00:00:00,RAC
2394,2021-10-01 00:00:00,RAC
2395,2021-10-01 00:00:00,RAC
2396,2021-10-03 00:00:00,Barber Theater
2397,2021-10-03 00:00:00,KGH
2398,2021-10-03 00:00:00,KGH
2399,2021-10-03 00:00:00,KGH
2400,2021-10-04 00:00:00,RAC
2401,2021-10-06 00:00:00,Mudd Library
2402,2021-10-08 00:00:00,Mudd Library
2403,2021-10-08 00:00:00,RAC
2404,2021-10-11 00:00:00,KGH
2405,2021-10-11 00:00:00,KGH
2406,2021-10-11 00:00:00,Lewis Theater
2407,2021-10-13 00:00:00,RAC
2408,2021-10-13 00:00:00,Ryan Arts Center
2409,2021-10-13 00:00:00,Silverman Hall
2410,2021-10-14 00:00:00,RAC
2411,2021-10-15 00:00:00,Cook Hall
2412,2021-10-15 00:00:00,KGH
2413,2021-10-15 00:00:00,KGH
2414,2021-10-15 00:00:00,Mudd Library
2415,2021-10-15 00:00:00,Mudd Library
2416,2021-10-15 00:00:00,Mudd Library
2417,2021-10-15 00:00:00,Northwestern Campus
2418,2021-10-15 00:00:00,RAC
2419,2021-10-16 00:00:00,KGH
2420,2021-10-16 00:00:00,KGH
2421,2021-10-16 00:00:00,Ryan Arts Center
2422,2021-10-17 00:00:00,2255 Campus Circle Dr
2423,2021-10-17 00:00:00,2256 Campus Circle Dr
2424,2021-10-17 00:00:00,Barber Theater
2425,2021-10-17 00:00:00,Barber Theater
2426,2021-10-17 00:00:00,Barber Theater
2427,2021-10-17 00:00:00,KGH
2428,2021-10-17 00:00:00,KGH
2429,2021-10-17 00:00:00,KGH
2430,2021-10-17 00:00:00,KGH
2431,2021-10-17 00:00:00,Mudd Library
2432,2021-10-17 00:00:00,Mudd Library
2433,2021-10-17 00:00:00,Mudd Library
2434,2021-10-17 00:00:00,RAC
2435,2021-10-17 00:00:00,RAC
2436,2021-10-18 00:00:00,Allen Center
2437,2021-10-18 00:00:00,Allen Center
2438,2021-10-18 00:00:00,Cook Hall
2439,2021-10-18 00:00:00,KGH
2440,2021-10-18 00:00:00,KGH
2441,2021-10-18 00:00:00,KGH
2442,2021-10-18 00:00:00,KGH
2443,2021-10-18 00:00:00,KGH
2444,2021-10-18 00:00:00,Mudd Library
2445,2021-10-18 00:00:00,Mudd Library
2446,2021-10-18 00:00:00,Mudd Library
2447,2021-10-18 00:00:00,Norris
2448,2021-10-18 00:00:00,Norris
2449,2021-10-18 00:00:00,RAC
2450,2021-10-18 00:00:00,RAC
2451,2021-10-18 00:00:00,Segal Visitor Center
2452,2021-10-19 00:00:00,KGH
2453,2021-10-22 00:00:00,RAC
2454,2021-10-23 00:00:00,Allen Center
2455,2021-11-01 00:00:00,Mudd Library
2456,2021-11-03 00:00:00,KGH
2457,2021-11-05 00:00:00,Allen Center
2458,2021-11-05 00:00:00,RAC
2459,2021-11-08 00:00:00,RAC
2460,2021-11-12 00:00:00,RAC
2461,2021-11-12 00:00:00,RAC
2462,2021-11-15 00:00:00,Norris
2463,2021-11-19 00:00:00,RAC
2464,2021-11-27 00:00:00,Allen Center
